Date,IBM,AMZN,MSFT,ORCL,AAPL,FB,PFE,JNJ,EBAY,TGT,CSCO,JNPR
2014-01-02,187.4,399.36,37.4,38.03,557.03,55.22,30.6,91.73,55.0,64.17,22.29,22.65
2014-01-03,187.35,402.71,37.22,37.86,553.7,55.65,30.83,92.22,54.19,63.89,22.12,22.82
2014-01-06,187.355,397.0,36.89,37.8,546.8,57.26,30.95,92.75,52.46,63.69,22.23,22.9
2014-01-07,190.35,398.47,36.49,37.93,545.96,58.55,31.02,94.62,53.03,63.29,22.41,22.79
2014-01-08,189.4175,403.0,36.14,37.91,545.56,58.41,30.985,94.6,53.62,62.82,22.36,22.98
2014-01-09,189.5,406.89,35.91,37.85,546.86,58.96,31.12,95.38,52.81,63.59,22.31,22.95
2014-01-10,188.57,403.764,36.15,38.14,540.8,58.3,30.95,94.975,52.2,63.63,22.28,23.93
2014-01-13,186.95,399.78,36.02,38.1975,542.5,58.25,31.03,94.99,52.91,62.23,22.82,25.96
2014-01-14,186.428,398.63,35.88,38.25,546.73,57.78,31.05,94.9,53.09,61.76,22.52,25.69
2014-01-15,188.65,399.31,36.79,38.57,560.2,58.57,31.31,95.2701,54.155,61.87,23.0,25.96
2014-01-16,188.99,399.29,37.0,38.77,556.85,58.02,31.42,95.0884,54.16,61.55,22.91,25.96
2014-01-17,190.81,403.49,36.83,38.47,552.07,57.82,31.29,95.17,53.93,60.93,22.78,26.03
2014-01-21,190.39,407.8,36.82,38.52,550.07,58.58,31.41,95.1,54.2,59.81,22.95,26.52
2014-01-22,183.5,408.06,36.32,38.28,557.29,59.31,31.34,94.55,54.51,59.82,22.95,26.25
2014-01-23,183.72,406.17,36.13,38.26,556.5,56.68,31.23,93.8,55.9,58.72,22.85,26.36
2014-01-24,182.8141,400.2,37.55,37.96,555.62,56.42,30.96,92.61,54.95,58.6,22.54,28.75
2014-01-27,179.65,394.1,36.89,37.37,554.8,54.9401,30.249,90.76,54.31,57.96,22.11,28.04
2014-01-28,178.45,394.74,36.39,37.13,515.0,55.28,30.75,90.6,53.62,58.29,22.0,27.59
2014-01-29,178.53,392.85,36.88,37.25,507.37,54.95,30.46,89.71,52.95,57.86,21.835,28.0
2014-01-30,177.86,406.25,36.88,37.56,506.5,62.5,30.85,89.78,53.35,57.2,21.99,28.03
2014-01-31,177.835,375.45,37.89,37.2,501.53,63.37,30.66,89.34,53.62,56.98,21.99,27.59
2014-02-03,176.02,360.85,37.985,37.09,507.73,63.77,31.69,88.78,53.34,56.87,21.95,26.98
2014-02-04,173.75,353.9975,37.189,36.02,509.46,63.14,32.0,87.28,53.14,55.87,21.82,26.96
2014-02-05,174.97,349.37,36.47,36.25,515.28,63.16,31.18,87.67,54.04,55.19,22.07,26.93
2014-02-06,174.85,354.82,36.25,36.83,513.5,62.78,30.91,88.76,54.53,56.0,22.58,27.52
2014-02-07,177.56,361.8,36.59,37.23,522.9299,64.57,31.28,90.04,54.74,56.41,22.72,27.27
2014-02-10,177.65,365.0,36.8,37.44,531.99,64.49,31.47,91.08,54.48,56.69,22.875,27.765
2014-02-11,180.39,363.61,37.26,37.895,537.75,65.0,31.98,92.97,54.43,57.38,22.88,27.8
2014-02-12,181.25,357.75,37.6,38.25,539.56,65.06,32.0,92.99,54.9,57.17,22.92,27.85
2014-02-13,182.36,357.2,37.86,38.49,544.85,67.33,31.8479,92.62,54.95,57.36,22.27,27.48
2014-02-14,184.43,359.34,37.78,38.33,545.9799,67.58,32.0,92.945,54.93,56.69,22.77,27.67
2014-02-18,184.0,355.73,37.78,38.12,551.19,67.5397,32.09,92.85,55.53,56.64,22.54,27.785
2014-02-19,185.65,354.54,37.75,38.295,546.89,69.08,31.96,92.75,55.5,57.82,22.56,27.5
2014-02-20,184.8599,350.46,37.87,38.35,537.0,70.11,31.71,92.73,55.31,57.4,22.4,28.389
2014-02-21,185.71,354.141,38.35,38.49,534.57,69.96,31.77,92.245,55.51,56.8,22.45,28.14
2014-02-24,185.16,353.0,37.975,38.455,529.9199,71.44,32.08,92.06,56.73,56.64,22.34,28.0429
2014-02-25,184.6,361.08,37.85,38.43,529.565,71.0,31.99,91.87,56.4899,56.61,22.22,27.83
2014-02-26,185.28,364.75,37.74,38.83,525.0,71.22,32.0,91.54,57.8,61.18,22.02,27.11
2014-02-27,185.95,360.59,37.89,39.1,528.78,70.01,32.24,91.42,59.27,60.78,22.05,27.1
2014-02-28,186.12,365.865,38.46,39.37,532.75,69.88,32.41,92.64,59.7,62.88,22.11,27.15
2014-03-03,184.64,360.96,38.13,38.99,530.65,68.05,32.14,91.98,58.57,62.41,21.82,26.685
2014-03-04,187.16,365.68,38.48,39.5,532.64,68.9,32.74,93.46,59.27,62.55,21.89,26.69
2014-03-05,187.95,372.728,38.2699,39.7,534.75,71.97,32.95,93.3,59.65,61.66,22.05,26.615
2014-03-06,188.39,375.33,38.24,39.85,534.4399,71.89,32.96,93.65,59.65,61.09,21.98,26.715
2014-03-07,188.92,374.99,38.36,39.59,531.98,71.18,32.66,93.48,59.55,60.98,21.94,26.62
2014-03-10,188.37,372.73,38.01,38.95,533.33,72.15,32.545,93.49,58.89,61.24,21.82,26.475
2014-03-11,188.45,372.8,38.23,39.02,538.74,72.59,32.62,93.75,58.94,61.52,21.93,26.41
2014-03-12,187.45,371.16,38.43,38.82,537.35,71.35,32.57,93.62,58.06,61.22,21.92,25.64
2014-03-13,187.0,383.11,38.45,38.66,539.66,71.35,32.02,94.2,58.58,61.62,21.92,25.67
2014-03-14,184.29,378.568,38.135,38.0,530.89,69.43,31.435,93.44,57.3,59.99,21.65,25.79
2014-03-17,186.35,378.85,38.41,38.48,529.97,68.95,31.53,94.18,57.9,59.96,21.62,25.47
2014-03-18,187.9,379.0,39.9,38.94,531.97,69.6,32.055,94.24,58.06,59.94,21.71,25.96
2014-03-19,186.7,379.0,39.55,38.96,536.24,69.29,32.08,94.36,58.17,60.21,21.8,26.64
2014-03-20,188.26,373.0,40.649,38.69,532.67,68.23,32.12,94.19,57.36,59.9,22.0,26.79
2014-03-21,188.7,372.84,40.94,38.85,533.75,67.92,32.49,95.93,57.75,60.18,22.1,26.8
2014-03-24,189.44,361.5,40.64,38.335,540.5,67.36,31.9,95.43,57.51,60.04,21.79,26.18
2014-03-25,195.395,358.97,40.99,38.5,545.75,66.19,31.99,97.7,57.05,59.6,22.36,26.4
2014-03-26,195.63,357.6,40.705,39.46,549.0,64.95,32.41,98.47,56.84,59.99,22.69,26.37
2014-03-27,192.67,343.9999,39.97,39.555,541.5,61.9,32.38,97.7,55.76,60.14,22.39,25.94
2014-03-28,192.62,347.0,40.635,39.86,538.9399,61.95,32.48,98.22,55.64,60.12,22.54,25.93
2014-03-31,193.77,346.29,41.5,41.43,540.81,61.52,32.18,98.6,56.16,60.78,22.64,26.0
2014-04-01,195.13,344.43,41.59,42.0,541.87,62.66,32.25,98.68,56.2,60.81,23.31,26.54
2014-04-02,194.5,348.295,41.66,41.62,543.48,63.91,32.39,98.39,56.25,61.14,23.13,26.584
2014-04-03,193.38,342.5,41.29,41.14,542.5,63.17,32.49,98.34,55.23,61.88,23.295,26.88
2014-04-04,193.97,335.44,41.39,40.73,540.0,60.2,32.69,99.38,55.5,62.26,23.35,26.88
2014-04-07,195.309,324.94,40.27,39.92,530.9,58.0,31.71,99.36,54.125,61.06,23.07,25.79
2014-04-08,194.1675,328.0,39.93,40.35,526.12,58.71,31.39,98.725,55.01,61.6,22.97,25.53
2014-04-09,197.0,332.18,40.55,40.92,530.49,62.4558,31.25,99.0,55.96,61.77,23.32,25.485
2014-04-10,199.21,331.0,40.69,41.05,532.24,63.18,31.43,98.93,55.25,61.83,23.26,25.48
2014-04-11,197.0,316.5,39.79,39.88,522.83,60.31,30.5,97.199,54.47,59.71,22.9901,25.04
2014-04-14,198.24,320.48,39.41,39.75,522.16,60.45,30.13,97.36,54.07,59.49,22.94,24.87
2014-04-15,197.41,318.28,39.96,39.98,521.64,59.68,30.15,99.21,54.24,59.78,23.0,24.945
2014-04-16,198.71,324.0,40.415,40.15,521.09,60.19,30.22,99.71,54.87,60.0,23.15,25.5
2014-04-17,190.7,328.66,40.195,40.18,527.76,60.58,30.4,99.65,55.1725,60.04,23.29,25.32
2014-04-21,192.805,331.1499,40.15,40.44,532.14,61.24,30.94,100.13,55.0,59.95,23.59,25.603
2014-04-22,193.0,337.5,40.14,40.62,531.826,63.44,31.25,100.75,55.62,60.67,23.61,26.13
2014-04-23,192.41,333.13,39.99,40.34,531.13,63.48,31.18,100.56,55.57,60.82,23.57,25.41
2014-04-24,192.22,337.4,39.97,39.86,570.0,63.65,30.9,100.37,55.6,61.46,23.64,25.415
2014-04-25,190.67,316.49,40.68,39.81,571.99,60.01,30.8,100.26,54.79,61.31,23.32,25.16
2014-04-28,193.99,304.39,41.29,40.28,595.75,58.31,32.35,101.5,54.12,62.48,23.24,24.71
2014-04-29,195.94,301.84,41.19,40.61,595.98,58.28,32.09,101.98,54.66,62.34,23.21,24.46
2014-04-30,196.86,304.56,40.5,40.93,599.43,59.85,31.94,101.67,52.4,61.91,23.14,24.75
2014-05-01,196.74,310.48,40.36,41.19,594.8,62.28,31.58,101.03,52.75,61.87,23.15,25.245
2014-05-02,193.84,313.29,40.34,41.21,594.2,61.89,31.06,100.38,52.53,62.64,23.12,25.12
2014-05-05,191.49,310.23,39.6399,41.26,601.0,61.35,30.27,100.17,52.35,61.6,23.0,24.8961
2014-05-06,190.95,309.81,39.35,41.29,604.4099,61.15,30.01,100.02,52.07,59.29,22.89,24.92
2014-05-07,190.3,296.4,39.51,41.28,597.29,59.3,29.48,101.045,51.04,58.25,22.9,24.7
2014-05-08,190.57,295.8784,39.9,41.26,594.41,58.82,29.44,101.09,51.21,58.76,23.17,25.15
2014-05-09,190.5854,293.68,39.85,41.26,586.25,57.65,29.21,101.25,50.87,59.25,23.11,24.6725
2014-05-12,193.02,303.34,40.02,42.14,593.66,59.9,29.375,101.24,51.38,59.71,23.335,25.12
2014-05-13,193.03,305.6,40.5,42.09,594.54,60.89,29.4,101.49,51.77,59.86,23.21,24.94
2014-05-14,191.99,304.64,40.45,42.02,597.4,60.45,29.28,101.1,52.08,59.8,23.0515,25.05
2014-05-15,189.08,299.2,40.4,42.17,596.6,59.38,29.18,100.84,51.47,58.67,24.69,25.11
2014-05-16,187.41,298.88,39.84,41.97,597.53,58.45,29.55,100.89,52.48,58.83,24.445,24.75
2014-05-19,187.13,299.0,39.82,42.2,607.33,59.56,29.71,100.93,52.46,58.49,24.445,24.86
2014-05-20,186.7,304.46,39.94,42.1,606.4,60.19,29.54,100.98,52.22,57.94,24.39,24.71
2014-05-21,187.16,305.96,40.35,41.79,606.7,60.5,29.9214,101.2,51.88,57.45,24.65,24.68
2014-05-22,186.45,308.54,40.35,41.94,609.85,61.48,29.87,101.01,52.06,57.1,24.54,24.83
2014-05-23,186.14,312.35,40.37,42.23,614.7293,61.45,29.64,101.16,52.04,56.22,24.57,24.98
2014-05-27,185.65,314.6296,40.26,42.35,625.86,63.51,29.99,101.36,52.315,55.95,24.88,25.24
2014-05-28,184.88,313.82,40.19,42.19,629.83,64.14,29.82,100.93,51.79,56.0,24.93,25.43
2014-05-29,183.78,314.87,40.35,42.21,636.87,64.3,29.76,100.795,50.79,55.96,24.92,25.7
2014-05-30,184.57,314.65,40.97,42.2,644.17,64.17,29.7451,101.54,50.79,56.92,24.75,25.46
2014-06-02,186.2801,312.6,41.09,42.02,634.83,63.59,29.8,102.26,50.94,57.04,24.8,24.6
2014-06-03,185.76,307.92,40.68,41.92,638.74,63.42,29.82,102.6,50.92,56.96,24.82,24.67
2014-06-04,185.45,309.5,40.37,41.79,647.89,63.59,29.74,102.71,50.745,57.2,24.65,24.81
2014-06-05,186.09,327.94,41.25,42.33,649.3699,64.36,29.787,103.36,50.66,57.79,24.74,25.0
2014-06-06,187.65,330.88,41.66,42.63,651.26,63.48,29.87,103.33,50.88,57.8,24.95,25.13
2014-06-09,187.64,333.0,41.48,42.81,93.88,63.34,29.43,103.23,49.73,58.22,24.95,25.06
2014-06-10,186.2199,335.5,41.16,42.88,95.05,65.82,29.5,104.12,48.81,57.58,25.1,24.88
2014-06-11,184.2,340.7199,41.07,42.88,94.76,65.8,29.5452,104.15,48.9,57.32,25.17,24.805
2014-06-12,182.55,335.55,40.88,42.62,94.12,66.47,29.59,103.21,49.12,57.36,25.01,24.795
2014-06-13,183.0,329.298,41.565,42.18,92.44,64.97,29.595,102.65,49.27,57.47,24.78,24.65
2014-06-16,182.71,328.6945,41.61,42.23,92.75,64.88,29.71,102.89,49.17,57.79,24.73,25.12
2014-06-17,182.81,331.34,41.91,42.7,92.7,64.88,29.62,102.2,49.22,58.62,24.62,25.35
2014-06-18,183.61,335.75,41.74,42.86,92.29,65.75,29.71,102.83,49.74,58.74,24.75,25.29
2014-06-19,184.47,338.9,41.77,43.19,92.3,65.5756,29.71,103.87,49.8,59.32,24.71,25.11
2014-06-20,182.67,328.22,41.83,40.94,92.55,64.81,29.92,105.48,49.75,58.81,24.9,24.4
2014-06-23,182.25,327.55,42.0,41.33,91.62,65.66,29.85,105.12,49.66,58.45,24.9,24.54
2014-06-24,183.0,329.73,41.94,41.39,91.74,67.17,29.48,105.23,49.49,58.86,24.74,24.5499
2014-06-25,180.97,328.15,42.05,40.84,90.7,67.48,29.84,105.87,49.5,58.51,24.78,24.3
2014-06-26,181.37,328.65,41.94,40.55,91.05,68.0,29.79,105.97,49.67,58.1,24.805,24.34
2014-06-27,182.46,326.52,42.29,40.66,92.0,67.7,29.75,105.59,50.18,58.32,24.775,24.58
2014-06-30,181.93,326.98,42.21,40.82,93.725,67.92,29.84,106.0,50.19,58.5,24.9,24.74
2014-07-01,187.27,333.2,42.15,40.91,94.07,68.44,30.22,106.0,50.665,58.45,25.11,24.73
2014-07-02,188.99,336.76,41.9,41.2,94.06,68.3,30.42,105.97,50.8,59.1,25.14,24.94
2014-07-03,188.806,338.3,41.99,41.36,94.1,67.0,30.64,106.25,51.08,59.53,25.25,24.96
2014-07-07,188.27,337.55,42.12,41.11,95.99,66.57,30.63,106.74,50.98,60.05,25.25,24.82
2014-07-08,188.08,333.7397,42.0,40.85,96.8,65.56,30.49,106.25,50.77,59.94,25.31,24.61
2014-07-09,188.9,330.2,41.99,40.72,95.95,65.12,30.2,106.21,50.93,60.19,25.5,24.41
2014-07-10,188.05,329.98,42.0,40.52,95.55,65.34,30.04,106.0,50.54,59.98,25.52,24.5
2014-07-11,188.35,347.0,42.09,40.49,95.89,66.59,30.12,106.009,51.83,60.05,25.65,24.49
2014-07-14,190.44,355.77,42.45,40.68,96.89,68.17,30.33,105.49,51.31,60.19,25.65,24.36
2014-07-15,190.08,355.59,42.47,40.81,96.85,68.0899,30.62,105.47,51.49,60.72,25.68,24.39
2014-07-16,193.36,359.32,44.31,40.88,97.1,67.94,30.97,103.67,51.18,60.74,26.05,24.345
2014-07-17,195.95,356.96,45.71,40.71,95.279,67.85,30.75,102.1,51.84,60.2,26.0,24.1
2014-07-18,193.44,359.68,44.84,40.16,94.74,68.46,30.75,101.96,51.64,60.04,25.96,24.1
2014-07-21,191.7,361.71,45.16,40.24,95.0,69.96,30.64,101.58,51.86,60.02,25.95,24.67
2014-07-22,194.72,362.93,45.15,40.7,94.89,69.77,30.71,102.54,52.29,59.52,26.08,25.19
2014-07-23,194.9,360.63,45.45,40.65,97.88,71.33,30.69,102.93,52.72,60.84,25.79,22.77
2014-07-24,195.62,364.85,45.0,40.67,97.32,76.74,30.57,102.73,53.5,61.07,25.9,23.33
2014-07-25,195.9,324.87,44.66,40.64,97.84,75.67,30.35,102.4,53.1,60.89,26.02,23.43
2014-07-28,196.4,324.82,44.51,40.82,99.24,75.5,30.17,102.4,53.09,60.58,26.0,23.74
2014-07-29,195.89,322.8999,44.09,40.92,99.44,74.92,30.49,102.51,53.38,61.32,26.01,24.06
2014-07-30,195.99,322.73,44.1,41.03,98.7,75.19,29.54,102.85,53.58,61.63,25.84,24.0
2014-07-31,194.29,320.6836,43.69,40.94,97.45,74.165,29.32,101.84,53.0632,61.0,25.5,23.82
2014-08-01,191.5,315.83,43.25,40.22,96.62,73.22,29.1,100.41,52.91,60.0,25.21,23.55
2014-08-04,189.95,316.18,43.47,40.22,96.58,73.88,28.96,100.375,53.13,61.0,25.22,23.46
2014-08-05,189.196,314.55,43.46,40.38,95.68,73.59,28.71,100.24,53.32,59.41,25.12,23.38
2014-08-06,186.88,315.78,43.17,40.35,95.48,73.72,28.39,100.83,53.69,58.24,25.21,23.46
2014-08-07,186.68,315.8774,43.45,40.43,95.95,74.0,28.44,101.19,54.25,58.36,25.11,23.5
2014-08-08,186.67,317.32,43.315,39.97,94.82,73.43,28.4,101.15,54.17,58.59,25.06,23.29
2014-08-11,188.36,320.38,43.45,40.14,96.08,73.91,28.59,101.78,54.44,58.67,25.37,23.45
2014-08-12,188.69,321.31,43.59,40.04,96.88,73.3301,28.36,101.22,53.928,58.54,25.27,23.49
2014-08-13,188.48,331.72,44.18,40.295,97.24,74.25,28.44,101.95,53.15,58.48,25.27,23.75
2014-08-14,188.17,334.09,44.417,40.4,97.57,74.38,28.79,102.05,53.16,58.77,24.94,23.65
2014-08-15,188.88,335.0,44.895,40.59,98.19,74.65,28.9,102.44,53.38,58.77,24.66,23.18
2014-08-18,189.81,337.8,45.11,40.77,99.37,74.72,28.94,102.72,53.172,58.69,24.66,23.33
2014-08-19,190.25,335.81,45.34,41.58,100.68,75.58,29.03,102.96,53.76,59.41,24.69,23.69
2014-08-20,190.39,337.16,45.4,41.58,101.09,75.18,28.98,103.3,53.67,60.79,24.75,23.975
2014-08-21,192.07,336.582,45.25,41.81,100.94,75.19,28.99,104.42,57.05,61.09,24.91,24.1
2014-08-22,191.88,334.08,45.47,41.8,101.47,74.73,28.98,104.03,55.98,61.46,24.97,24.21
2014-08-25,191.81,336.77,45.44,42.04,102.17,75.28,29.09,103.81,56.12,61.5,24.84,24.18
2014-08-26,193.53,344.36,45.395,42.0,101.5,75.99,29.53,103.72,56.5,61.2,24.93,23.8
2014-08-27,194.133,346.67,45.0,41.8,102.57,75.49,29.57,103.72,56.7099,60.96,24.86,23.71
2014-08-28,192.2986,341.79,44.98,41.67,102.78,74.43,29.6699,103.19,55.86,60.59,24.9,23.19
2014-08-29,192.75,341.8199,45.44,41.73,102.9,74.82,29.49,103.76,55.76,60.72,24.99,23.27
2014-09-02,192.97,342.5,45.46,41.68,103.74,76.7,29.41,103.7097,55.59,60.5,24.995,23.565
2014-09-03,192.95,343.27,45.11,41.95,103.2,77.48,29.53,104.1,55.31,60.57,25.13,23.25
2014-09-04,192.69,349.38,45.27,42.09,100.09,76.93,29.55,104.1,55.445,61.21,25.14,23.5095
2014-09-05,191.75,346.827,45.93,41.76,99.39,77.38,29.66,104.42,54.41,61.15,25.07,23.415
2014-09-08,191.2,345.81,46.8,41.18,99.31,78.17,29.65,104.58,54.28,61.2,25.0899,23.6
2014-09-09,190.74,341.76,46.97,40.91,103.08,78.17,29.44,104.4,55.0,60.91,24.97,23.55
2014-09-10,192.15,334.98,46.94,40.81,101.11,77.95,29.53,105.34,51.55,62.34,25.0,23.76
2014-09-11,192.78,333.01,47.0,40.69,101.44,78.36,29.64,104.89,51.28,62.68,25.2,23.72
2014-09-12,191.6,332.89,47.02,40.74,102.19,78.3,29.6,104.805,53.07,62.65,25.26,23.63
2014-09-15,192.49,331.33,46.71,40.77,103.05,77.25,29.92,104.91,52.2899,62.61,25.09,23.14
2014-09-16,193.57,329.48,46.85,41.33,101.26,76.23,30.12,105.94,51.88,63.26,25.415,23.01
2014-09-17,193.64,328.0,46.69,41.33,101.8,77.25,30.465,106.63,52.14,63.09,25.31,23.02
2014-09-18,194.13,327.1,46.83,41.7717,102.35,77.33,30.72,107.41,52.73,64.65,25.27,22.98
2014-09-19,195.0,332.7559,47.57,40.66,102.35,78.3,30.84,108.37,53.06,64.36,25.3,22.91
2014-09-22,194.14,329.49,47.38,39.74,102.14,77.53,30.3699,108.25,52.5,63.77,25.19,22.88
2014-09-23,193.07,327.6,46.98,39.59,102.94,78.63,30.23,108.1,53.04,63.6,25.03,22.74
2014-09-24,192.45,329.44,47.11,39.556,102.85,78.62,30.45,108.77,53.185,63.93,25.04,22.66
2014-09-25,192.5,328.54,47.09,39.35,100.71,78.94,30.37,108.55,52.93,63.7599,24.96,22.55
2014-09-26,190.33,323.5,46.62,39.01,100.75,78.8416,29.98,107.49,53.14,63.28,25.09,22.29
2014-09-29,189.96,323.75,46.56,38.63,100.435,79.199,29.84,106.65,53.005,63.16,25.2,22.22
2014-09-30,190.85,323.43,46.4763,38.57,101.54,79.7067,29.99,107.2099,57.3,63.09,25.25,22.3
2014-10-01,190.4,322.165,46.53,38.41,100.69,78.82,29.41,106.28,56.08,62.9,25.25,22.12
2014-10-02,187.78,318.53,46.1,38.55,100.22,77.48,29.2901,104.54,55.62,62.7,25.11,22.05
2014-10-03,189.37,325.16,46.3,39.12,100.21,78.06,29.31,105.19,55.19,63.45,25.37,22.21
2014-10-06,190.89,324.13,46.3,39.24,100.65,77.89,29.41,106.0,54.55,63.34,25.42,22.08
2014-10-07,188.12,322.0,45.93,39.08,100.12,77.95,29.12,104.46,53.68,62.08,25.2533,21.8
2014-10-08,189.6,324.11,46.89,39.05,101.11,77.71,29.39,105.03,54.67,62.96,24.68,21.23
2014-10-09,189.5,322.271,46.8,39.21,102.38,77.7601,29.44,104.86,54.22,63.09,24.64,21.12
2014-10-10,187.74,317.77,46.12,39.1,102.03,76.5,29.47,102.53,52.84,62.44,24.01,20.2
2014-10-13,186.65,313.2,44.56,38.78,101.78,74.78,29.29,101.46,51.93,61.57,23.45,19.1
2014-10-14,185.72,312.24,44.38,39.04,100.52,74.18,28.8,100.9,51.5,61.815,23.35,19.075
2014-10-15,183.79,307.9,43.39,38.43,99.15,73.8,28.3,98.72,50.32,61.2399,23.15,19.17
2014-10-16,181.48,306.82,43.08,38.18,97.72,73.35,28.01,98.0,48.69,60.17,23.0784,19.38
2014-10-17,182.84,309.2,43.935,38.015,99.0,76.0,28.01,99.15,48.58,60.06,23.33,19.63
2014-10-20,170.331,306.53,44.14,37.81,99.96,77.09,27.97,99.2,49.36,60.31,23.08,19.9
2014-10-21,166.68,315.64,44.975,38.47,103.02,78.74,28.52,100.38,50.97,61.94,23.6,20.26
2014-10-22,165.41,318.98,45.07,38.43,104.11,79.85,28.49,101.79,51.61,62.43,23.68,20.2
2014-10-23,162.83,316.8,45.445,38.5,105.051,80.63,28.87,102.98,51.07,62.5,23.76,20.37
2014-10-24,162.44,293.81,46.9,38.74,105.49,80.8183,29.27,103.29,51.2801,62.02,23.8,19.93
2014-10-27,162.91,290.42,46.1,38.72,105.48,80.8,29.21,104.24,51.49,61.75,23.81,19.82
2014-10-28,163.6,298.0,46.5,38.73,106.74,81.16,29.3,104.8,51.35,61.32,24.07,20.78
2014-10-29,164.615,299.61,46.7,38.74,107.37,76.88,29.63,105.56,51.41,60.96,24.3,21.03
2014-10-30,164.62,299.74,46.32,38.66,107.35,75.35,29.98,107.05,52.0,61.96,24.15,21.23
2014-10-31,165.59,305.72,46.97,39.05,108.04,75.7,30.2,108.18,52.73,62.37,24.64,21.31
2014-11-03,164.54,308.01,47.46,39.04,110.3,75.52,30.2,108.12,52.95,61.98,24.59,21.11
2014-11-04,164.36,304.25,47.73,39.15,109.49,75.77,30.3,108.73,53.33,61.63,24.91,21.23
2014-11-05,163.54,304.0,47.9,39.51,109.3,76.8,30.41,109.26,53.75,62.0,25.17,21.465
2014-11-06,161.53,297.0,48.86,39.86,108.79,75.6,30.26,109.32,53.65,61.995,25.2809,21.67
2014-11-07,162.2069,299.99,48.92,39.97,109.32,75.855,30.13,109.03,53.73,64.66,25.4,21.995
2014-11-10,164.47,305.799,49.15,40.49,109.33,75.4799,30.28,108.92,53.94,65.92,25.23,21.7
2014-11-11,163.9,312.38,48.93,40.59,109.75,74.98,30.4,109.4,54.36,65.86,25.205,21.95
2014-11-12,163.0,312.58,48.92,40.59,111.43,75.14,30.54,109.0,54.35,66.895,25.19,20.96
2014-11-13,162.8,317.89,49.645,40.77,113.45,75.24,30.62,109.49,54.62,67.78,25.89,20.85
2014-11-14,164.49,332.88,50.045,41.07,114.19,74.93,30.56,109.06,54.61,68.28,26.335,21.02
2014-11-17,164.97,328.0,49.705,41.2,117.28,75.655,30.41,108.69,55.1,67.7,26.55,21.43
2014-11-18,164.75,329.56,49.325,41.4751,115.69,74.8,30.68,109.06,55.66,67.76,26.74,21.71
2014-11-19,162.1,328.4,48.7549,41.27,115.74,74.54,30.56,108.81,55.33,73.08,26.62,21.54
2014-11-20,161.5,332.67,48.7,41.005,116.86,73.99,30.49,108.57,54.72,71.83,26.84,21.49
2014-11-21,161.95,338.33,49.05,41.5,117.57,74.5,30.78,108.73,54.85,72.26,27.05,21.85
2014-11-24,163.86,337.39,48.0,41.64,118.77,74.35,30.63,108.23,54.7,72.16,27.12,22.079
2014-11-25,163.5,336.3325,47.97,41.64,119.75,75.74,30.66,107.19,54.6887,72.2,27.3,22.27
2014-11-26,162.1,334.65,47.99,41.91,119.1,77.78,31.12,107.25,54.68,72.3,27.46,22.29
2014-11-28,163.37,341.26,48.195,42.51,119.4,78.27,31.64,108.82,55.2,74.76,27.78,22.28
2014-12-01,163.315,340.64,48.78,42.38,119.25,77.31,31.51,108.813,55.12,73.47,27.61,22.09
2014-12-02,162.73,327.93,49.05,42.36,115.75,75.91,31.62,108.53,55.4,73.4,27.96,21.7
2014-12-03,164.52,326.77,48.5,42.14,116.35,75.73,31.78,108.99,55.03,73.83,27.985,22.33
2014-12-04,164.5,318.59,49.06,42.12,117.2,75.55,31.82,108.3,54.75,73.4,27.985,22.28
2014-12-05,164.5,316.93,48.97,42.02,116.08,76.76,32.15,108.74,54.89,73.71,27.85,22.37
2014-12-08,163.29,316.56,48.35,42.03,114.648,77.25,32.22,108.88,55.64,74.1,27.53,22.3
2014-12-09,163.02,313.639,47.92,41.925,114.3,76.93,32.01,108.47,55.51,73.63,27.48,21.88
2014-12-10,163.33,313.19,47.66,41.81,114.85,77.55,32.175,107.96,55.59,74.19,27.355,21.86
2014-12-11,162.93,312.64,47.74,41.64,113.8,78.52,33.1154,107.305,57.63,74.58,27.36,21.715
2014-12-12,160.5,310.6399,47.73,40.78,111.87,78.88,31.44,106.87,56.78,74.0,27.15,21.34
2014-12-15,156.739,310.86,47.67,41.65,111.6,78.58,31.145,105.06,56.7,73.52,27.17,21.5
2014-12-16,154.89,304.49,46.34,41.36,110.16,77.39,31.56,105.21,56.77,73.31,27.17,21.66
2014-12-17,153.308,299.67,45.945,41.63,109.84,76.41,31.35,104.49,56.47,73.73,26.9,21.565
2014-12-18,157.68,304.5,47.52,45.37,112.65,78.4,32.0,106.82,57.53,74.99,27.66,21.91
2014-12-19,160.41,301.54,48.1,46.15,113.24,80.0,32.09,107.39,57.69,74.62,27.85,22.48
2014-12-22,161.91,307.36,48.12,46.05,113.49,81.89,32.12,106.83,57.94,74.59,28.29,22.71
2014-12-23,162.9,307.49,48.8,46.5,113.33,82.17,32.225,106.91,57.74,75.07,28.5,23.1
2014-12-24,162.99,307.0,48.64,46.705,112.71,81.43,31.65,105.33,57.456,75.32,28.59,23.04
2014-12-26,163.09,310.7799,48.41,46.5,114.52,81.28,31.84,105.69,57.34,75.37,28.5,22.98
2014-12-29,162.34,314.27,47.78,46.09,114.77,80.96,31.62,105.69,57.44,75.99,28.57,22.85
2014-12-30,160.82,313.94,47.62,45.66,113.92,80.59,31.49,105.8,57.49,75.88,28.48,22.79
2014-12-31,161.5,312.98,47.44,45.5599,113.13,79.8,31.7,106.11,57.25,76.645,28.41,22.73
2015-01-02,163.31,314.75,47.42,45.1898,111.44,78.93,31.78,105.55,56.84,76.64,28.12,22.58
2015-01-05,161.27,308.38,46.73,44.25,108.65,79.2455,31.41,104.73,56.24,75.51,27.45,22.33
2015-01-06,159.96,303.0,46.749,44.18,107.43,77.59,31.86,104.99,55.8,74.69,27.68,22.22
2015-01-07,157.2,301.28,46.46,43.52,108.2,77.36,31.87,105.83,55.48,76.95,27.4,22.715
2015-01-08,159.044,303.14,47.7499,43.94,112.15,78.23,32.64,106.49,56.42,77.752,28.09,23.1
2015-01-09,160.34,302.87,47.82,44.1,113.25,78.62,32.7,106.5,56.43,77.37,28.07,23.21
2015-01-12,159.25,298.51,47.54,43.77,112.63,78.0,32.88,105.82,55.85,76.94,28.2,22.85
2015-01-13,159.97,301.4976,47.91,43.95,112.8,78.08,33.23,106.33,56.4,77.66,28.7,22.93
2015-01-14,156.49,295.91,46.24,43.17,110.49,77.2,32.72,104.43,54.73,75.04,28.05,22.34
2015-01-15,156.97,295.9995,46.38,43.64,110.06,76.57,32.77,103.93,54.3099,77.5,28.195,22.55
2015-01-16,157.63,290.79,46.28,43.62,107.58,75.32,32.82,104.62,53.95,75.46,27.77,21.68
2015-01-20,157.33,293.3599,46.65,44.03,108.9667,76.31,33.11,102.05,54.07,75.14,28.27,21.84
2015-01-21,154.5,306.0,46.14,43.93,111.06,77.3,33.5,102.1,53.98,74.32,28.185,21.89
2015-01-22,155.72,312.25,47.135,45.33,112.47,77.75,32.83,103.83,57.23,75.94,28.51,22.06
2015-01-23,157.6,316.93,47.39,44.54,113.75,78.19,32.9,102.97,57.28,75.93,28.5,22.38
2015-01-26,159.46,313.0,47.1339,44.21,114.3626,78.47,32.85,102.45,56.93,75.48,28.23,22.16
2015-01-27,155.09,310.243,43.2,43.87,112.48,76.88,33.35,102.7671,55.76,75.34,27.59,22.03
2015-01-28,154.53,311.51,42.79,43.98,118.12,77.638,33.14,102.93,55.28,76.04,27.6,23.59
2015-01-29,155.58,312.8,42.12,43.02,119.19,78.02,31.96,102.46,54.06,75.49,27.31,22.99
2015-01-30,155.24,359.5,41.58,42.52,120.0,78.16,31.8,102.0,54.06,75.13,27.11,22.995
2015-02-02,154.66,365.0,41.37,42.71,119.17,76.14,31.65,100.85,53.91,74.39,26.87,22.83
2015-02-03,158.6,367.817,41.93,43.14,119.09,75.58,32.16,102.56,54.5,75.89,27.12,23.28
2015-02-04,158.71,367.5,42.21,43.16,120.51,76.35,32.27,102.45,54.38,76.66,27.22,23.48
2015-02-05,158.59,378.8,42.64,43.24,120.23,75.98,33.2,102.56,54.51,76.39,27.3,23.34
2015-02-06,158.08,375.9899,42.79,43.47,120.25,75.7,33.415,102.45,54.9,76.7,27.66,23.61
2015-02-09,157.5,374.41,42.74,43.63,119.84,74.83,33.36,101.06,54.83,76.58,27.405,23.45
2015-02-10,158.56,374.3,42.77,44.06,122.15,75.34,34.22,100.7,55.565,76.7,27.54,23.33
2015-02-11,159.09,377.1,42.65,44.0,124.92,76.75,34.51,100.79,55.45,76.6995,27.65,23.38
2015-02-12,159.5,378.51,43.09,44.06,127.48,76.87,34.97,100.54,55.65,76.94,29.58,23.94
2015-02-13,160.8,383.0,43.87,44.23,127.28,76.48,34.95,99.67,56.605,76.7,29.5,23.9
2015-02-17,161.41,379.985,44.0,43.9,128.88,76.91,34.84,100.48,56.455,76.8,29.35,23.95
2015-02-18,162.47,376.74,43.7,44.11,128.78,76.9,34.57,100.94,56.99,77.39,29.55,23.9
2015-02-19,164.49,381.88,43.5263,44.37,129.03,79.84,34.47,100.84,57.7,77.26,29.39,24.09
2015-02-20,164.34,383.7,43.88,44.09,129.5,80.34,34.58,100.366,58.05,76.87,29.66,24.22
2015-02-23,164.4,384.54,44.19,43.88,133.0,80.19,34.52,100.77,58.6,77.25,29.65,24.14
2015-02-24,164.99,380.48,44.3,43.96,133.6,79.48,34.34,101.05,58.54,77.01,29.71,24.6
2015-02-25,164.96,387.85,44.09,44.09,131.6,80.2,34.79,101.29,58.6,78.4,29.57,24.57
2015-02-26,164.14,389.37,44.23,44.15,130.87,81.37,34.72,103.18,58.86,77.4,29.99,24.565
2015-02-27,162.29,385.99,44.2,44.11,130.57,81.23,34.66,103.33,58.7,77.3,29.91,24.15
2015-03-02,161.89,385.9,44.19,44.04,130.28,79.855,34.8,103.41,58.66,78.16,30.31,24.14
2015-03-03,161.75,386.1,43.825,43.88,129.52,79.7,34.89,103.1,58.63,78.14,30.12,23.94
2015-03-04,160.56,387.9,43.21,43.66,129.56,81.15,34.7699,102.12,58.795,79.0,29.52,23.85
2015-03-05,161.5,388.4182,43.24,43.89,128.75,81.99,34.81,103.21,59.29,78.24,29.49,23.54
2015-03-06,161.44,387.0,43.11,43.61,129.37,81.33,34.46,102.43,60.47,77.82,29.27,23.57
2015-03-09,161.15,379.33,43.125,42.79,129.57,79.91,34.18,100.92,60.93,78.66,29.45,24.49
2015-03-10,160.23,377.77,42.71,42.55,127.22,79.26,34.13,100.44,60.5,78.3499,29.17,23.84
2015-03-11,159.14,373.35,42.37,42.16,124.77,78.43,34.1,99.83,60.2,78.46,28.76,23.63
2015-03-12,158.72,375.5,41.65,41.76,124.9,79.05,34.06,100.24,60.15,79.455,28.54,23.71
2015-03-13,157.52,373.99,41.47,42.47,125.3951,79.38,34.0,100.05,60.04,79.7,28.26,23.55
2015-03-16,157.09,373.94,41.64,43.53,124.95,78.12,34.56,101.07,59.98,80.81,28.38,23.73
2015-03-17,157.29,374.5,41.83,43.34,127.32,79.78,34.3,100.52,59.89,81.35,28.28,23.67
2015-03-18,160.7,375.99,42.83,44.935,129.16,81.24,34.5,101.74,59.36,81.38,28.34,23.93
2015-03-19,160.92,377.11,42.59,44.49,129.2451,83.0,34.38,101.955,58.34,80.805,28.54,23.91
2015-03-20,163.0,379.37,42.98,44.73,128.4,84.6,34.47,102.9,58.58,81.84,28.62,23.99
2015-03-23,165.35,381.77,43.13,44.62,127.85,84.96,35.45,103.35,59.22,82.24,28.69,24.01
2015-03-24,164.89,375.24,43.17,44.5,128.04,86.0699,35.0,103.23,60.025,82.19,28.57,23.89
2015-03-25,163.08,380.5,42.925,43.75,126.82,85.52,35.0,102.5,59.62,82.1,28.09,23.5
2015-03-26,161.25,371.4,41.61,43.23,124.88,83.77,34.395,100.81,58.17,81.36,27.305,22.56
2015-03-27,160.9,373.17,41.43,43.12,124.7,83.95,34.595,100.95,57.96,81.86,27.21,22.47
2015-03-30,163.6,376.12,41.54,43.63,126.4,84.34,35.22,101.86,58.4,82.75,27.75,22.62
2015-03-31,162.33,377.7,41.03,43.57,126.49,83.5,35.13,101.49,58.39,82.805,27.69,22.67
2015-04-01,160.62,373.16,40.76,43.12,125.12,82.72,34.84,100.46,57.73,82.23,27.638,22.625
2015-04-02,162.54,373.28,40.74,43.11,125.56,82.56,34.63,99.99,57.2449,82.83,27.5,22.68
2015-04-06,162.8,380.2,41.78,43.1,127.51,82.81,34.81,99.56,57.16,83.62,27.32,22.74
2015-04-07,163.84,379.31,41.91,43.48,128.1218,83.42,34.89,100.87,57.91,83.68,27.56,23.66
2015-04-08,163.55,381.58,41.69,43.34,126.4,83.1,34.835,100.45,57.61,83.62,27.66,23.62
2015-04-09,162.47,384.42,41.62,43.31,126.58,82.8,35.06,101.65,57.45,83.61,27.74,23.73
2015-04-10,163.33,387.12,41.95,43.89,127.21,82.61,35.47,102.14,57.69,83.74,28.08,23.86
2015-04-13,164.0,385.28,42.06,43.79,128.57,83.94,35.53,101.98,58.23,83.98,28.28,23.95
2015-04-14,162.7352,387.81,42.03,43.06,127.29,83.69,35.31,101.46,57.105,83.39,28.06,24.185
2015-04-15,164.96,385.78,42.46,44.19,127.13,83.66,35.47,101.24,57.3,83.82,28.42,24.48
2015-04-16,163.98,387.45,42.34,43.96,127.1,83.07,35.29,100.3199,57.39,82.29,28.638,24.49
2015-04-17,161.86,383.56,41.74,43.4,126.14,82.11,35.0701,99.8515,56.49,81.49,28.4,24.1
2015-04-20,166.64,391.94,43.17,43.81,128.12,83.15,35.24,100.88,56.45,81.28,28.63,24.16
2015-04-21,167.38,394.6,43.15,43.87,128.2,84.49,35.4,100.99,56.66,81.78,28.92,24.29
2015-04-22,166.0,394.28,43.13,43.75,128.87,84.74,35.09,100.8,56.95,81.68,28.79,24.45
2015-04-23,171.91,391.88,43.61,43.63,130.42,85.59,35.4,100.82,59.85,82.26,28.82,24.24
2015-04-24,170.85,452.65,48.14,43.58,130.63,82.94,35.395,101.529,59.98,83.0,29.28,26.27
2015-04-27,171.49,446.99,48.13,43.95,133.13,82.93,35.46,101.6,59.275,82.94,29.03,26.635
2015-04-28,174.69,439.0,49.21,44.58,134.54,81.9,34.88,100.9455,60.14,81.81,29.33,26.93
2015-04-29,175.1303,434.24,49.31,44.9,131.59,81.39,34.46,100.61,59.64,81.29,29.25,26.83
2015-04-30,174.28,431.75,49.54,44.41,127.88,80.96,34.225,100.15,59.0,79.38,29.015,26.7
2015-05-01,174.0,425.64,48.875,44.38,130.13,79.76,34.21,100.39,59.33,79.7,29.2,27.0
2015-05-04,176.3,429.77,48.87,44.85,130.57,79.69,34.505,100.55,59.48,80.78,29.36,27.09
2015-05-05,174.23,427.51,48.16,44.62,128.4498,78.8,34.43,100.29,59.02,80.19,29.21,27.19
2015-05-06,174.05,422.7165,47.77,44.24,126.75,78.81,33.9,99.87,58.12,79.43,29.075,27.06
2015-05-07,171.98,428.5,47.085,43.66,126.08,78.94,33.75,100.0,58.22,80.29,29.12,26.89
2015-05-08,173.33,435.2,47.98,44.24,127.62,79.23,34.15,101.67,58.97,81.33,29.37,27.23
2015-05-11,172.99,439.0,47.91,44.2,127.56,79.03,34.26,101.66,59.175,81.37,29.79,27.2839
2015-05-12,171.4899,433.25,47.68,43.69,126.88,77.89,33.96,101.05,58.59,81.3139,29.44,27.38
2015-05-13,172.74,433.528,48.32,44.07,127.19,78.53,33.8,101.13,59.39,80.93,29.465,27.3
2015-05-14,174.4,433.0,48.82,44.4,128.95,81.845,33.99,101.87,60.12,78.1,29.66,27.44
2015-05-15,174.41,430.3962,48.905,44.44,129.49,81.52,34.06,102.32,60.83,78.54,29.82,27.47
2015-05-18,173.49,427.27,48.22,44.41,130.72,81.38,34.06,104.34,59.67,78.53,29.9,27.69
2015-05-19,173.75,428.24,47.81,44.46,130.88,81.69,34.39,104.12,59.73,78.46,29.9,27.7
2015-05-20,174.44,427.1,47.93,44.6,130.98,81.1,34.49,104.48,59.595,79.4,29.85,27.7347
2015-05-21,174.14,436.9,47.6,44.45,131.63,80.92,34.49,103.3007,59.94,79.97,29.765,27.66
2015-05-22,173.39,432.44,47.35,44.27,132.97,81.31,34.49,102.41,60.17,79.59,29.45,27.67
2015-05-26,172.12,427.0,46.88,43.83,132.91,80.6,34.34,101.55,60.05,79.5899,29.25,27.46
2015-05-27,172.48,431.85,47.77,44.25,132.26,80.66,34.47,101.41,59.64,80.49,29.48,28.26
2015-05-28,171.84,431.35,48.02,44.25,131.95,81.0745,34.53,101.7,60.93,80.7,29.56,27.93
2015-05-29,171.35,432.5,47.57,43.84,131.45,80.07,34.99,101.62,61.64,80.01,29.59,28.0
2015-06-01,171.04,433.16,47.77,44.06,131.39,80.38,34.92,100.6,63.03,79.915,29.62,27.55
2015-06-02,170.45,433.23,47.35,44.01,130.655,81.35,34.66,100.24,63.03,80.14,29.27,27.415
2015-06-03,171.5601,438.39,47.735,44.09,130.94,82.53,34.66,100.43,62.5,80.75,29.295,27.5
2015-06-04,170.6,436.755,47.16,44.11,130.58,82.95,34.56,100.47,62.55,80.5025,29.1,27.47
2015-06-05,168.9103,430.8,46.52,44.02,129.69,82.46,34.28,99.05,63.3,80.255,28.71,27.515
2015-06-08,167.28,426.8,46.43,43.89,129.21,82.0,34.155,98.98,62.52,79.25,28.7,27.56
2015-06-09,166.02,427.49,45.94,43.37,128.08,81.19,34.13,98.54,60.84,79.26,28.42,27.45
2015-06-10,169.39,432.2,46.83,44.05,129.34,82.6,34.43,99.55,60.94,79.8,28.91,27.74
2015-06-11,170.44,438.89,46.92,44.42,130.18,82.9,34.57,99.8,60.99,80.445,29.22,28.105
2015-06-12,168.3,432.36,46.47,44.39,128.33,82.09,34.46,99.229,60.675,80.145,28.67,27.76
2015-06-15,166.44,428.05,45.65,43.99,127.24,80.93,34.12,97.87,60.19,81.09,28.52,27.22
2015-06-16,167.4,427.97,46.24,44.88,127.85,81.51,34.1,98.49,61.88,81.47,28.79,27.505
2015-06-17,167.8476,431.35,46.07,45.24,127.88,82.22,34.18,99.1199,61.09,82.47,29.04,27.59
2015-06-18,168.72,439.73,46.8,42.98,128.31,83.19,34.51,100.55,61.12,83.41,29.35,28.1
2015-06-19,168.42,444.99,46.825,43.1,127.82,82.98,34.505,100.2,61.455,84.5,29.32,27.91
2015-06-22,168.34,439.24,46.72,41.955,128.06,84.97,34.5,100.84,61.9,84.33,29.215,27.18
2015-06-23,169.97,447.04,46.28,42.06,127.61,87.97,34.59,100.36,62.0,85.81,29.036,27.2
2015-06-24,168.84,446.47,46.245,41.77,129.8,89.25,34.52,99.81,62.39,84.86,28.85,27.3
2015-06-25,168.13,443.47,46.06,41.47,129.2,89.4,34.34,99.98,62.0,85.21,28.65,27.12
2015-06-26,166.8116,443.49,46.28,41.37,127.99,88.34,34.29,100.13,61.71,84.65,28.49,26.93
2015-06-29,165.35,437.0,45.23,40.9,126.47,87.5,34.115,99.35,60.83,83.9,28.11,26.465
2015-06-30,164.0,435.57,44.72,40.75,126.12,86.7,33.79,98.45,60.6,83.0,27.83,26.3
2015-07-01,165.61,440.0,45.23,40.7,126.94,87.95,33.86,98.675,60.99,83.125,27.5,26.44
2015-07-02,165.32,438.2,44.75,40.42,126.69,87.44,34.44,99.02,62.23,83.43,27.57,26.39
2015-07-06,165.23,439.73,44.48,40.29,126.23,88.1846,33.64,98.5,62.37,83.21,27.26,25.91
2015-07-07,165.35,437.73,44.49,40.27,126.15,87.85,33.8372,98.98,62.69,84.48,27.45,25.97
2015-07-08,164.94,435.99,44.9,40.24,124.64,86.75,33.73,98.59,61.73,84.2399,27.16,25.9
2015-07-09,165.51,438.72,45.22,40.48,124.06,87.6,33.975,99.5398,62.32,84.325,27.45,26.21
2015-07-10,167.4,444.72,45.14,40.65,123.85,88.22,34.44,99.89,62.49,84.19,27.36,26.25
2015-07-13,169.89,457.87,45.62,40.86,125.755,90.22,34.85,100.48,63.745,84.74,27.8,26.3
2015-07-14,169.54,469.6,45.96,40.9,126.37,90.8,35.15,99.88,64.29,84.37,28.04,26.265
2015-07-15,169.27,464.7,45.89,40.92,127.15,90.99,35.115,100.94,64.21,84.55,28.24,26.38
2015-07-16,171.09,475.88,46.69,41.02,128.57,90.86,35.2,101.36,66.71,85.31,28.42,26.545
2015-07-17,172.52,485.42,46.78,40.86,129.62,95.39,35.08,100.91,66.73,85.01,28.31,26.535
2015-07-20,173.78,493.2,47.13,40.39,132.97,98.6,35.37,100.65,29.35,84.976,28.16,26.56
2015-07-21,166.35,488.88,47.33,39.985,132.92,99.24,35.34,100.81,28.99,84.25,28.25,26.59
2015-07-22,163.0695,492.5,46.93,39.675,125.5,97.58,35.2,100.71,28.805,83.345,28.06,26.19
2015-07-23,162.75,491.66,46.23,39.6,127.09,97.45,35.0,100.6,28.6,82.95,28.25,26.61
2015-07-24,161.93,580.57,46.32,39.17,125.74,97.76,34.72,99.95,28.85,81.87,28.77,29.13
2015-07-27,160.18,544.95,46.01,38.82,123.61,96.61,34.4,98.99,28.2,79.88,28.56,27.75
2015-07-28,160.19,536.39,45.639,39.365,123.91,95.56,35.47,99.23,28.37,80.6,28.35,27.6199
2015-07-29,161.5,532.9655,46.78,39.87,123.5,97.28,36.13,100.05,28.87,82.02,28.52,27.6
2015-07-30,161.4,539.2,47.4,40.1,122.5699,95.81,36.0,100.0,28.7,82.28,28.46,27.99
2015-07-31,162.06,542.84,47.37,40.12,122.6425,96.33,36.46,100.98,28.54,82.36,28.56,28.6
2015-08-03,161.85,540.44,47.0,40.01,122.57,95.08,36.3,100.21,28.35,81.63,28.59,28.38
2015-08-04,158.82,536.95,47.71,40.0,117.7,94.73,36.22,100.5,28.43,80.78,28.46,28.29
2015-08-05,159.54,539.14,48.41,40.02,117.44,97.09,36.175,101.0,28.72,81.07,28.6,28.565
2015-08-06,157.54,542.74,47.77,39.84,116.5,98.74,35.98,100.6,28.63,80.3399,28.67,28.46
2015-08-07,156.25,529.4599,46.78,39.69,116.25,95.4,35.3,99.07,28.57,79.74,28.23,28.11
2015-08-10,157.4652,532.2764,47.49,40.045,119.99,95.9,35.47,100.06,28.935,79.69,28.7,28.4325
2015-08-11,155.99,528.98,46.94,39.68,118.18,94.76,35.24,99.34,28.62,79.26,28.39,28.26
2015-08-12,156.52,527.5,46.9,39.359,115.42,94.44,35.47,98.73,28.035,79.24,28.1,28.18
2015-08-13,156.09,534.66,47.1,39.56,116.4,94.73,35.62,98.98,28.15,79.81,29.205,28.61
2015-08-14,156.21,534.11,47.1,39.5,116.31,94.72,35.5,98.825,28.29,79.615,29.05,28.26
2015-08-17,156.69,538.74,47.45,39.725,117.65,94.46,35.53,99.88,28.32,79.2,28.965,28.345
2015-08-18,156.52,539.49,47.43,40.03,117.44,95.85,35.6,99.68,28.46,80.73,28.72,28.34
2015-08-19,155.67,537.25,47.08,39.94,116.52,96.1,35.49,99.99,27.725,84.62,28.24,28.26
2015-08-20,153.91,533.25,46.47,39.5,114.35,94.77,35.14,100.1199,27.295,81.67,27.75,28.0
2015-08-21,153.19,512.33,45.48,38.77,111.9,89.18,34.565,98.52,26.64,80.87,27.34,27.28
2015-08-24,147.76,489.76,43.31,37.06,108.8,87.14,33.25,95.21,25.75,77.58,26.08,26.24
2015-08-25,147.11,489.44,43.24,37.21,111.11,87.67,33.22,95.7,25.85,77.16,25.99,26.29
2015-08-26,146.98,503.72,42.84,37.02,109.89,87.46,32.55,95.22,26.19,77.14,25.74,25.605
2015-08-27,148.97,522.69,43.95,37.51,113.24,90.06,33.62,96.4,27.19,77.92,26.19,26.23
2015-08-28,148.2,521.5,44.15,37.495,113.31,91.48,33.36,96.29,27.27,78.8,26.05,26.09
2015-08-31,148.4,519.41,43.93,37.51,114.53,91.05,32.72,95.17,27.26,78.2,26.11,26.0
2015-09-01,144.98,510.0,42.59,36.55,111.88,89.39,31.87,92.89,27.09,76.84,25.62,25.534
2015-09-02,145.08,510.86,43.38,36.75,112.34,89.89,31.97,93.47,26.92,77.23,25.66,25.35
2015-09-03,148.03,515.84,43.98,37.27,112.78,89.82,32.42,94.09,27.6,78.47,26.15,25.55
2015-09-04,145.4,502.85,43.04,36.68,110.45,88.39,31.72,91.88,26.75,77.17,25.65,25.265
2015-09-08,147.34,518.35,44.0,37.82,112.56,90.24,32.57,93.98,26.75,78.44,26.33,25.58
2015-09-09,149.04,529.95,44.4,38.18,114.02,91.98,33.035,95.16,26.91,79.09,26.73,26.0
2015-09-10,147.16,526.13,43.79,37.94,113.2825,92.06,32.79,93.48,26.24,77.75,26.49,25.77
2015-09-11,147.5,529.44,43.59,37.96,114.21,92.08,32.99,93.0,26.33,78.01,26.18,25.45
2015-09-14,147.37,532.45,43.44,37.94,116.89,92.62,33.04,93.91,26.22,77.8575,26.17,25.4
2015-09-15,147.93,527.92,44.29,38.18,116.53,93.25,33.345,94.745,26.07,78.25,26.08,25.855
2015-09-16,148.89,528.3,44.38,38.52,116.54,93.6,33.28,94.82,26.75,78.615,26.1,26.02
2015-09-17,149.68,546.97,45.0,37.67,116.49,95.51,33.96,96.19,26.765,79.12,26.28,26.15
2015-09-18,146.385,546.237,43.99,36.98,114.3,95.19,33.43,94.7185,26.2,77.9,25.74,25.97
2015-09-21,146.98,549.78,44.47,37.059,115.37,96.49,33.325,94.6,26.5,78.62,25.82,26.0
2015-09-22,145.06,543.55,44.05,36.49,114.18,94.68,32.33,93.44,25.8,78.12,25.21,25.49
2015-09-23,144.57,541.21,44.17,36.215,114.72,94.32,32.81,93.7,25.76,78.88,25.31,25.45
2015-09-24,145.07,534.56,44.13,36.23,115.5,94.765,32.88,92.94,25.68,79.18,25.5,25.365
2015-09-25,146.27,542.8,44.73,36.32,116.69,95.85,33.1,93.125,25.81,79.98,26.295,25.68
2015-09-28,145.38,520.28,44.085,36.14,114.57,92.29,31.8,92.07,25.22,79.17,26.02,25.44
2015-09-29,142.66,511.48,43.57,35.66,113.51,90.06,31.44,93.84,24.38,78.56,25.93,25.209
2015-09-30,145.71,512.8,44.3,36.19,111.54,90.02,31.57,94.47,24.5,78.94,26.38,25.81
2015-10-01,145.67,520.8,44.75,36.42,109.62,90.95,31.87,93.85,25.01,79.59,26.155,26.06
2015-10-02,144.59,532.6,45.57,36.91,111.0136,92.2,33.11,93.97,25.55,79.57,25.79,27.19
2015-10-05,149.8925,545.91,46.89,37.73,111.3698,94.27,33.885,94.82,25.88,80.17,26.98,28.61
2015-10-06,150.15,551.5,47.175,37.85,111.74,94.17,33.6,94.66,25.84,79.46,27.47,28.78
2015-10-07,150.73,542.0,47.35,37.98,111.77,93.66,33.475,95.42,25.93,78.77,27.95,29.55
2015-10-08,153.019,539.386,47.515,37.985,110.19,93.22,33.24,95.195,25.08,79.66,28.02,30.03
2015-10-09,153.147,541.79,47.54,38.2,112.28,93.74,33.58,95.96,24.42,78.96,28.15,29.81
2015-10-12,152.58,550.82,47.07,38.12,112.75,94.6,33.441,96.47,24.62,79.38,28.1,29.75
2015-10-13,150.78,553.2,47.1299,38.2,112.45,95.37,33.64,96.23,24.9,79.84,27.95,29.98
2015-10-14,150.65,552.25,47.1,37.58,111.52,95.2,33.57,95.96,24.8,80.11,27.9,30.18
2015-10-15,151.24,563.0,47.03,37.67,112.1,96.3,34.14,97.35,24.54,76.21,28.19,30.13
2015-10-16,151.2,570.94,47.54,37.8,112.0,97.59,34.44,98.31,24.72,75.39,28.35,30.16
2015-10-19,149.97,579.0,47.88,37.1,111.75,98.57,34.54,98.2,24.57,75.3,28.29,29.98
2015-10-20,142.88,573.0,47.81,37.0,114.17,99.59,34.69,98.25,24.68,75.3,28.52,30.315
2015-10-21,142.66,565.25,47.99,37.12,115.58,98.18,34.34,98.22,24.7,76.6,28.82,30.42
2015-10-22,145.07,569.146,48.95,37.86,115.5,99.73,33.64,99.81,27.66,77.17,29.21,30.32
2015-10-23,145.49,619.45,54.07,38.16,119.228,102.85,34.35,100.88,28.57,77.6,29.38,31.5401
2015-10-26,145.0,609.85,54.32,38.62,118.13,103.81,34.365,100.28,28.23,74.76,29.49,31.5601
2015-10-27,143.83,614.71,54.37,38.45,116.54,104.1,35.45,100.9,28.44,74.74,29.06,31.54
2015-10-28,141.23,617.23,53.98,38.89,119.3,104.48,36.07,100.48,28.47,76.28,29.45,31.83
2015-10-29,140.82,627.54,53.83,38.91,120.69,105.12,35.9,101.53,28.32,76.495,29.21,31.68
2015-10-30,141.33,630.72,53.99,39.04,121.22,104.72,34.9,102.12,28.3,77.92,29.25,31.605
2015-11-02,140.5165,628.63,53.36,39.78,121.36,103.47,35.25,102.34,28.52,77.47,28.87,31.84
2015-11-03,142.8,629.89,54.39,40.27,123.49,103.65,35.04,102.3,29.29,78.5,28.71,32.33
2015-11-04,142.65,645.93,54.88,40.57,123.82,104.14,34.97,102.39,29.38,78.7,28.82,32.39
2015-11-05,142.38,657.0,54.7,40.6,122.69,110.65,34.29,102.49,29.58,78.21,28.61,31.8
2015-11-06,139.55,662.26,54.98,40.64,121.81,108.74,34.05,101.92,29.69,78.48,28.55,31.755
2015-11-09,138.08,661.955,54.87,40.5,121.81,108.25,33.86,101.59,29.38,77.54,28.49,31.45
2015-11-10,135.735,660.0,54.13,40.17,118.07,108.15,33.97,101.76,29.3,77.9106,28.215,29.85
2015-11-11,136.2,675.96,54.2,39.6,117.42,109.87,34.21,102.355,29.33,76.63,28.1,29.86
2015-11-12,134.7,675.64,53.9791,39.105,116.82,109.39,33.7,101.605,28.92,75.77,28.07,29.93
2015-11-13,133.0,667.0,53.29,38.6,115.57,108.25,33.68,100.94,29.04,73.71,26.68,29.67
2015-11-16,134.09,649.99,53.89,38.39,114.24,104.17,33.407,101.29,28.5,72.38,26.995,29.38
2015-11-17,134.82,653.25,53.53,38.515,115.05,106.2,33.46,101.71,28.72,74.38,27.27,29.905
2015-11-18,135.91,664.88,53.98,38.73,117.49,107.88,33.43,102.8,28.78,71.978,27.155,30.065
2015-11-19,137.7355,672.86,54.66,39.32,119.75,107.73,32.97,102.68,28.895,71.48,27.65,30.47
2015-11-20,138.915,668.87,54.3,39.575,119.92,107.87,32.59,102.8,29.16,71.65,27.78,30.555
2015-11-23,138.87,682.77,54.46,39.53,119.73,107.468,31.69,103.0,29.125,72.9,27.84,30.8
2015-11-24,139.34,675.8,54.44,39.62,119.35,106.49,32.15,102.79,29.18,73.16,27.44,30.72
2015-11-25,138.43,679.7,54.23,39.6,119.23,106.6,33.24,102.33,29.04,73.62,27.39,30.63
2015-11-27,138.81,680.99,54.08,39.34,118.41,105.96,33.0,102.62,29.22,73.88,27.48,30.34
2015-11-30,139.9,681.29,54.96,39.29,119.41,106.0999,32.91,102.48,29.625,73.78,27.48,30.36
2015-12-01,141.4,681.0,55.23,39.275,118.81,107.15,33.73,102.49,29.83,73.43,27.65,30.55
2015-12-02,141.21,684.82,55.96,39.39,118.11,107.92,33.83,102.93,29.41,73.01,27.9,30.49
2015-12-03,140.73,682.79,55.77,38.96,116.79,106.85,33.0,102.37,29.0,73.24,27.69,30.48
2015-12-04,141.02,674.775,56.23,39.24,119.25,107.73,32.89,103.0,29.585,74.24,27.55,30.04
2015-12-07,140.41,675.46,55.97,39.2399,119.86,106.83,32.88,103.49,29.37,74.26,27.56,29.96
2015-12-08,139.06,679.99,56.1,38.87,118.6,106.91,32.74,103.24,29.1,73.355,27.29,29.84
2015-12-09,139.84,679.0,55.87,39.35,117.69,106.44,32.645,103.34,28.845,72.99,27.35,29.86
2015-12-10,137.85,668.526,55.655,38.82,116.94,106.4,32.72,103.34,28.895,73.05,27.04,28.99
2015-12-11,135.44,657.88,55.1,37.85,115.39,104.34,32.23,102.37,28.43,72.55,26.4901,28.84
2015-12-14,136.14,658.585,55.21,37.68,112.68,104.74,32.21,102.29,28.42,72.99,26.52,28.86
2015-12-15,138.97,671.5,55.9,38.53,112.8,105.8,32.82,104.69,28.6,74.25,27.11,29.265
2015-12-16,139.65,677.35,56.245,39.14,111.99,107.09,32.67,105.49,28.655,74.04,27.29,29.57
2015-12-17,139.5,682.5,56.79,38.2,112.25,107.75,32.67,105.26,28.75,74.04,27.31,29.51
2015-12-18,136.96,676.84,56.0,37.08,109.52,106.59,32.45,103.08,28.07,72.18,26.82,29.27
2015-12-21,135.83,669.9,55.35,36.84,107.37,105.15,32.46,102.92,27.71,71.96,26.65,28.9
2015-12-22,138.19,668.49,55.48,36.71,107.72,105.6601,32.62,102.88,28.07,72.94,26.9,27.69
2015-12-23,139.305,666.597,55.88,37.215,108.85,106.11,32.74,103.67,28.04,73.8,27.41,27.73
2015-12-24,138.88,664.68,55.96,37.225,109.0,105.32,32.72,103.91,27.94,73.59,27.55,27.78
2015-12-28,138.045,675.5,55.95,36.86,107.69,105.98,32.65,103.47,27.69,73.43,27.37,27.745
2015-12-29,140.06,696.44,56.85,37.21,109.43,107.74,32.91,104.185,27.995,75.0,27.82,28.23
2015-12-30,140.44,695.49,56.78,37.16,108.7,107.25,32.89,104.34,27.99,74.57,27.77,28.18
2015-12-31,139.1,687.75,56.19,36.95,107.03,106.17,32.58,103.62,27.69,73.21,27.4499,27.78
2016-01-04,135.97,657.715,54.8,36.01,105.368,102.24,32.03,101.81,27.2496,73.71,26.42,27.43
2016-01-05,136.89,646.91,55.39,36.12,105.85,103.7099,32.245,101.44,26.8566,75.24,26.66,27.73
2016-01-06,135.58,639.79,54.4001,36.135,102.37,103.77,31.895,100.97,26.66,74.8,26.14,27.14
2016-01-07,135.02,630.0,53.485,35.68,100.13,101.43,31.81,100.09,26.47,76.0,25.74,26.81
2016-01-08,133.816,624.14,53.28,35.28,99.11,100.5,31.625,99.94,26.16,74.79,25.63,26.3
2016-01-11,133.82,619.85,52.85,35.12,99.06,98.6,31.2,98.63,26.25,72.75,25.345,26.135
2016-01-12,133.78,625.99,53.1,35.55,100.69,99.96,31.5,98.63,26.4,73.55,25.57,26.335
2016-01-13,134.2799,620.88,54.07,35.4,101.19,100.58,31.28,98.98,26.46,73.75,25.52,26.51
2016-01-14,133.79,602.25,53.4163,35.09,100.48,98.87,31.42,99.47,26.145,71.64,24.9,26.37
2016-01-15,130.88,584.62,51.97,34.51,97.71,96.38,30.82,98.0,25.48,70.59,24.43,25.86
2016-01-19,132.1,584.0,51.68,34.75,98.65,97.42,31.23,98.41,25.91,70.56,24.03,25.83
2016-01-20,123.99,578.45,51.38,34.23,98.1897,95.0,31.07,97.28,26.135,68.62,23.51,25.944
2016-01-21,125.1,588.81,51.58,34.56,97.88,95.99,30.9,96.64,26.245,69.67,23.45,26.16
2016-01-22,124.74,600.1,52.33,34.99,101.46,98.07,31.25,97.085,26.74,69.98,23.64,26.17
2016-01-25,124.23,608.5,52.65,34.94,101.53,99.48,30.91,97.69,26.55,69.99,23.515,26.22
2016-01-26,123.61,604.5,52.44,35.23,100.88,97.88,30.75,101.34,26.67,70.65,23.851,26.75
2016-01-27,123.37,603.39,52.2,35.55,96.6289,97.85,31.01,103.38,27.07,71.8702,23.9,26.67
2016-01-28,122.83,638.06,52.21,35.545,94.52,110.34,30.71,103.04,24.13,71.44,23.79,24.0
2016-01-29,124.79,593.0,55.09,36.31,97.34,112.84,30.49,104.75,23.48,72.53,23.8,23.6
2016-02-01,125.29,581.8,55.09,36.54,96.71,115.72,30.4,104.785,24.23,73.21,23.57,24.35
2016-02-02,124.14,571.56,54.26,35.94,96.04,117.59,30.34,104.26,23.76,73.41,23.25,24.23
2016-02-03,125.4499,556.0,53.39,35.79,96.84,115.3407,30.07,104.38,23.73,73.94,23.18,24.14
2016-02-04,128.5,538.99,52.81,36.54,97.33,111.94,29.59,104.085,23.61,70.67,23.57,24.06
2016-02-05,128.64,529.45,52.0,36.24,96.92,109.58,29.415,102.77,23.51,70.75,23.66,23.8
2016-02-08,127.51,493.5,49.57,35.7,95.7,102.68,28.98,103.51,22.88,70.29,23.02,22.65
2016-02-09,126.93,498.38,50.24,35.61,95.94,102.4,29.2,102.24,23.0,70.469,22.86,22.4401
2016-02-10,125.29,504.66,50.39,36.135,96.35,103.25,29.9,102.91,22.715,70.7,23.13,22.38
2016-02-11,119.66,509.3,50.11,35.11,94.72,105.11,29.34,102.02,22.45,69.17,24.97,22.06
2016-02-12,121.05,516.75,50.68,35.55,94.5,104.24,29.38,101.98,22.62,69.98,25.36,22.01
2016-02-16,123.09,524.45,51.09,35.91,96.85,103.93,29.84,103.05,23.0,71.56,25.98,23.25
2016-02-17,126.57,537.48,52.77,36.77,98.21,105.72,30.07,103.24,23.28,72.65,26.59,23.6
2016-02-18,134.0,541.2,52.95,36.87,98.89,106.0,30.04,104.6767,23.67,72.67,26.5768,24.1
2016-02-19,133.65,535.95,52.28,36.79,96.7599,105.02,29.65,104.68,23.855,72.32,26.56,24.65
2016-02-22,134.31,560.65,53.0,37.4852,96.9,108.25,30.07,104.75,24.29,73.25,26.9132,25.0
2016-02-23,133.41,556.91,52.37,37.11,96.5,107.47,30.38,104.79,24.2,74.38,26.54,25.0
2016-02-24,133.49,554.27,51.5,36.73,96.38,106.95,30.08,105.075,24.02,77.0,26.33,24.87
2016-02-25,134.51,559.39,52.1,37.3,96.76,108.07,30.69,106.39,24.2,78.82,26.6,25.13
2016-02-26,134.92,562.5,52.68,37.65,98.0237,109.45,30.9,106.92,24.54,78.97,26.85,25.04
2016-02-29,133.36,564.81,51.65,37.33,98.23,108.9101,30.18,106.2,24.35,79.17,26.65,25.1
2016-03-01,134.64,579.25,52.59,37.99,100.77,109.82,30.09,107.24,24.25,81.05,26.93,25.0
2016-03-02,137.44,585.0,52.96,37.8899,100.89,110.55,30.16,107.41,24.19,81.64,26.91,25.0
2016-03-03,137.9602,579.866,52.97,37.91,101.7099,110.3,30.0,107.0,23.99,80.69,26.97,24.93
2016-03-04,139.42,581.4,52.45,38.16,103.75,110.05,29.94,106.98,24.62,81.6,26.96,25.25
2016-03-07,140.51,573.63,51.8,38.45,102.83,108.07,29.81,106.9196,24.4,81.2,27.18,25.36
2016-03-08,140.35,571.35,52.13,38.45,101.76,107.37,29.75,106.77,24.39,81.4,27.299,25.37
2016-03-09,142.17,560.35,52.85,38.61,101.58,107.51,29.85,107.02,24.49,81.5,27.8,25.495
2016-03-10,141.47,567.0,52.94,38.77,102.24,108.66,29.92,107.48,24.1,82.03,27.98,25.72
2016-03-11,142.9236,570.06,53.07,38.97,102.28,109.42,30.5,107.99,24.08,82.45,27.91,26.24
2016-03-14,143.19,576.89,53.59,38.94,102.91,110.33,30.34,108.3,24.35,82.1,27.86,26.1001
2016-03-15,143.33,581.52,53.59,38.87,105.18,110.83,29.925,108.35,24.15,81.89,27.69,25.86
2016-03-16,144.88,581.32,54.6,40.945,106.31,112.5,29.52,107.78,23.79,82.445,27.945,25.76
2016-03-17,147.32,571.4,55.0,40.96,106.47,112.69,29.575,107.6,23.93,83.32,28.44,26.485
2016-03-18,147.51,562.33,54.97,41.49,106.5,112.42,29.65,107.84,23.97,84.0,28.38,26.46
2016-03-21,148.71,555.24,53.9298,42.0,107.65,112.37,30.12,107.75,24.49,82.9,28.35,26.27
2016-03-22,149.28,562.76,54.25,41.75,107.29,112.88,30.56,107.63,24.33,82.62,28.38,26.1
2016-03-23,148.03,572.48,54.24,41.35,107.07,113.19,30.61,108.825,24.28,82.35,28.275,26.02
2016-03-24,148.22,583.55,54.33,41.065,106.25,113.09,30.275,108.61,24.365,82.175,28.005,25.55
2016-03-28,148.65,584.75,54.29,41.11,106.19,114.5889,30.22,108.9,24.34,83.435,28.025,25.54
2016-03-29,149.76,595.85,54.86,40.8,107.79,116.32,30.19,109.25,24.11,83.27,28.19,25.805
2016-03-30,150.41,603.24,55.64,41.11,110.42,116.99,30.21,109.56,24.57,83.9,28.68,26.02
2016-03-31,153.1,600.75,55.59,41.24,109.9,115.01,30.169,108.98,24.15,83.15,28.67,25.71
2016-04-01,152.96,599.03,55.61,41.22,110.0,116.17,30.17,109.29,24.38,83.19,28.7,25.69
2016-04-04,153.52,599.5,55.66,41.28,112.19,114.55,30.75,109.1,24.18,83.36,28.41,25.51
2016-04-05,151.6,593.47,55.3,41.06,110.73,113.32,31.75,109.84,24.67,82.6,27.83,25.38
2016-04-06,150.15,602.39,55.2,40.79,110.98,113.81,33.0,109.5,25.515,82.41,28.04,25.56
2016-04-07,149.6,599.6,54.91,40.59,110.42,114.89,33.08,109.62,24.9,82.32,27.9,25.4
2016-04-08,149.99,597.86,55.28,40.54,109.77,114.33,32.9,109.64,24.38,81.3799,27.945,25.28
2016-04-11,151.95,604.0,55.15,41.08,110.61,110.91,32.565,109.62,24.44,81.34,28.18,25.36
2016-04-12,150.11,604.06,54.78,40.52,110.5,111.1645,32.14,110.24,24.55,81.06,27.66,23.21
2016-04-13,151.23,616.81,55.4375,41.39,112.34,112.65,32.61,110.35,25.6,81.67,28.28,23.88
2016-04-14,152.76,624.38,55.575,41.46,112.39,112.04,32.78,110.29,25.315,82.1,28.4,23.92
2016-04-15,152.1,626.77,55.92,41.38,112.3,110.97,32.785,110.4,25.33,83.06,28.13,23.97
2016-04-18,153.14,637.64,56.59,41.25,108.95,110.81,32.86,111.1,25.47,83.75,28.25,23.865
2016-04-19,146.95,638.01,56.77,41.49,108.0,112.45,33.2,113.95,24.88,84.14,28.44,23.67
2016-04-20,147.2,636.55,56.5,41.39,108.09,113.27,33.4,114.19,24.86,83.96,28.68,23.55
2016-04-21,150.12,637.82,56.23,41.3,106.93,114.04,33.48,113.73,24.87,83.63,28.51,23.57
2016-04-22,151.0,628.25,52.4297,41.43,106.48,111.75,33.5,113.7531,24.97,83.13,28.55,23.87
2016-04-25,148.9,626.98,52.13,40.83,105.65,110.67,33.27,113.55,24.54,82.6,28.28,23.87
2016-04-26,149.79,626.7549,52.35,40.85,105.3,110.5,33.33,113.56,24.715,83.11,28.49,23.76
2016-04-27,150.78,615.95,51.5,41.0,98.71,108.94,33.21,113.2,26.2062,83.57,28.65,23.86
2016-04-28,150.18,626.8,50.77,40.97,97.88,120.79,33.18,112.71,25.34,82.99,28.59,23.96
2016-04-29,147.34,669.98,50.25,40.17,94.72,117.84,32.95,112.22,24.58,80.68,27.83,24.25
2016-05-02,147.0,685.5,50.75,40.43,94.08,118.73,33.0,112.7897,24.39,80.16,27.52,23.48
2016-05-03,144.9,680.3,50.41,40.11,95.74,118.16,33.97,113.1,24.25,80.34,27.19,23.28
2016-05-04,145.0,674.0,50.06,39.57,95.9,118.3,33.9,112.54,24.04,80.27,26.82,22.72
2016-05-05,147.3,676.49,50.3,39.46,94.07,118.98,33.725,113.1,24.05,79.71,26.57,22.642
2016-05-06,147.97,676.95,50.39,39.425,93.45,119.637,33.59,113.05,23.84,78.86,26.535,22.825
2016-05-09,148.2,686.98,50.585,39.725,93.77,120.28,33.955,113.99,24.14,80.3,26.68,22.86
2016-05-10,150.04,704.55,51.1,40.06,93.57,120.5,33.87,115.0,24.22,80.51,27.1,23.16
2016-05-11,151.09,719.0,51.78,40.08,93.57,121.08,33.56,114.76,24.18,77.37,27.11,23.19
2016-05-12,149.39,722.45,51.81,40.03,92.78,120.84,33.285,114.7599,23.92,76.397,26.81,23.11
2016-05-13,149.86,719.25,51.895,40.08,91.67,120.64,33.45,114.09,23.93,75.39,26.89,23.06
2016-05-16,149.99,713.25,51.96,40.1,94.39,119.61,33.43,114.63,23.88,75.35,27.12,23.095
2016-05-17,149.5,714.47,51.73,40.02,94.7,119.01,33.34,114.56,23.8,75.1,27.0601,23.09
2016-05-18,148.52,702.5399,51.14,39.8,95.21,118.27,33.38,114.025,23.85,68.6189,26.96,22.81
2016-05-19,146.93,699.4,50.62,39.24,94.64,117.49,33.43,113.04,23.67,68.71,28.29,22.705
2016-05-20,147.51,707.24,51.22,39.58,95.43,117.99,33.9,112.92,23.76,69.1401,28.15,22.83
2016-05-23,147.95,706.0,50.68,39.44,97.19,117.6,33.91,112.82,23.82,69.05,28.25,22.78
2016-05-24,148.75,707.5,51.71,40.075,98.09,117.73,34.18,113.5,24.18,69.22,28.58,22.95
2016-05-25,152.09,710.86,52.49,40.29,99.74,118.665,34.4,113.725,24.2,69.68,29.0,23.19
2016-05-26,152.51,715.0,51.9793,40.2,100.73,119.7601,34.65,113.32,24.13,70.11,29.04,23.1
2016-05-27,152.93,716.6,52.32,40.08,100.47,119.85,34.75,113.34,24.4,69.53,29.035,23.11
2016-05-31,153.81,724.23,53.0,40.22,100.4,120.1,34.75,113.63,24.62,69.475,29.08,23.44
2016-06-01,153.27,726.43,52.95,40.3,99.54,119.08,34.935,113.06,24.44,68.96,29.04,23.44
2016-06-02,153.5,728.28,52.74,39.05,97.84,135.6,34.99,114.65,24.27,68.42,29.15,23.47
2016-06-03,153.04,727.0,52.42,39.21,98.27,118.98,34.88,115.39,24.25,69.03,29.21,23.42
2016-06-06,153.95,731.5,52.35,39.64,101.89,119.43,34.99,116.0,24.1,69.22,29.41,23.52
2016-06-07,153.93,730.0,52.73,39.745,99.87,119.3,34.99,116.23,24.36,69.64,29.35,23.54
2016-06-08,154.09,729.42,52.44,39.34,99.56,118.6,35.33,115.95,24.335,68.905,29.27,23.66
2016-06-09,153.76,728.91,52.0,39.21,99.99,118.68,35.5,117.19,24.38,68.87,29.19,23.59
2016-06-10,153.3299,724.98,52.05,38.99,99.3457,118.11,35.39,117.23,24.265,68.13,29.03,23.3
2016-06-13,152.5,721.99,50.715,38.89,99.12,115.48,35.15,117.64,24.13,68.09,29.19,23.41
2016-06-14,151.79,720.805,50.1,38.98,98.475,114.95,35.03,117.18,24.01,66.94,29.0,23.095
2016-06-15,151.7925,722.56,50.12,38.92,98.41,115.44,35.19,117.74,24.08,67.85,28.86,23.125
2016-06-16,151.295,718.0,50.47,38.7999,97.75,114.5,34.79,116.89,23.96,67.54,28.92,23.01
2016-06-17,152.72,718.2,50.43,39.96,96.65,114.43,34.81,116.67,23.89,68.09,29.0,23.24
2016-06-20,154.67,721.31,50.83,40.35,96.57,114.72,34.7,117.135,24.87,68.89,29.22,23.55
2016-06-21,154.5689,718.4,51.43,40.12,96.35,115.2142,34.88,117.15,24.765,68.84,29.0,23.28
2016-06-22,154.71,717.0,51.46,40.34,96.89,114.74,34.9464,117.21,24.7525,69.2,29.08,23.38
2016-06-23,155.48,722.12,52.06,40.87,96.29,115.09,34.74,117.38,24.95,70.2,29.225,24.05
2016-06-24,150.61,712.5292,50.94,39.89,94.655,113.68,34.45,117.12,23.89,69.86,28.57,23.33
2016-06-27,146.6,696.8189,49.1466,38.88,93.05,111.57,33.98,116.64,23.12,69.72,27.55,22.21
2016-06-28,145.73,708.0,49.47,39.19,93.66,112.75,34.47,118.37,23.11,70.41,27.85,21.65
2016-06-29,148.48,719.5,50.72,40.7,94.55,114.25,35.15,119.41,23.38,70.58,28.33,22.07
2016-06-30,151.91,719.37,51.3,41.155,95.77,115.18,35.27,121.41,23.47,70.295,28.69,22.515
2016-07-01,152.97,728.0,51.72,41.05,96.465,115.13,35.65,121.54,23.95,70.5,28.93,22.71
2016-07-05,152.0,728.11,51.28,40.58,95.4,114.11,35.92,123.23,23.82,70.2097,28.615,22.29
2016-07-06,152.41,737.77,51.54,40.57,95.66,116.79,35.9,122.66,23.85,70.54,28.77,21.97
2016-07-07,153.6891,739.55,51.61,40.83,96.5,116.97,35.93,122.81,24.0,70.92,28.9,22.17
2016-07-08,154.6,746.1,52.36,41.18,96.89,117.5,36.19,123.1,24.66,71.57,29.28,22.68
2016-07-11,156.04,755.9,52.83,41.14,97.65,118.7,36.35,123.45,25.02,72.72,29.7,22.94
2016-07-12,157.12,757.34,53.4,41.58,97.7,118.72,36.3,123.2,25.34,73.6,29.74,23.29
2016-07-13,158.34,756.87,53.86,41.65,97.67,118.4,36.43,123.4,25.27,73.84,29.83,23.31
2016-07-14,161.4,749.04,53.99,41.87,98.99,117.64,36.96,123.74,26.26,74.22,29.99,23.36
2016-07-15,159.98,746.55,54.0,41.91,99.3,118.28,37.19,124.3,26.34,73.79,29.95,23.2
2016-07-18,160.75,741.5954,54.34,41.835,100.13,119.61,36.99,123.22,26.56,74.02,29.995,23.37
2016-07-19,162.14,743.33,53.9,41.45,100.0,120.85,36.87,125.75,26.72,74.02,30.01,23.43
2016-07-20,161.71,746.25,56.84,41.5,100.46,122.2,36.93,126.07,27.14,74.5,30.69,23.62
2016-07-21,161.85,749.36,56.23,41.51,101.0,122.1,36.82,125.74,30.31,74.69,30.72,23.645
2016-07-22,162.17,751.28,56.6275,41.21,99.3,121.01,36.84,125.35,30.56,74.995,30.87,23.92
2016-07-25,162.88,748.5,56.74,41.16,98.84,121.85,36.84,125.13,30.86,76.33,30.83,24.11
2016-07-26,163.6,743.13,57.29,41.24,97.97,122.07,36.87,125.55,31.41,77.38,31.15,24.45
2016-07-27,162.57,740.94,56.8,41.105,104.35,125.0,36.92,125.23,31.79,76.38,30.97,23.772
2016-07-28,161.81,753.36,56.37,41.4,104.45,128.33,36.91,125.0,31.49,75.23,30.74,22.71
2016-07-29,161.67,766.0,56.76,41.38,104.55,125.84,36.95,125.32,31.24,75.385,30.69,22.72
2016-08-01,161.65,770.5,56.75,41.27,106.15,124.58,37.39,125.71,31.39,75.56,30.75,22.76
2016-08-02,161.4499,765.01,56.9,41.12,106.07,124.8,36.82,125.9,31.21,76.44,30.82,22.58
2016-08-03,160.86,758.89,57.11,40.85,105.84,123.92,35.95,125.0,31.04,74.11,30.74,22.65
2016-08-04,161.7,765.0,57.5193,40.95,106.0,124.79,35.52,124.39,31.31,74.4701,30.91,22.73
2016-08-05,163.51,768.47,58.21,41.22,107.65,125.835,35.53,124.38,31.45,75.11,31.07,23.145
2016-08-08,163.27,767.0,58.085,41.4,108.37,125.45,35.28,124.15,31.38,75.52,31.19,23.25
2016-08-09,162.772,772.6,58.5,41.27,108.94,126.09,35.295,124.0,31.24,73.62,31.245,23.32
2016-08-10,162.66,772.1,58.32,41.25,108.9,125.48,35.18,123.78,31.25,73.38,31.13,23.215
2016-08-11,164.95,773.75,58.45,41.41,108.93,125.38,35.28,124.14,31.5,75.18,31.02,23.34
2016-08-12,163.46,773.15,58.19,41.2,108.44,125.0,35.11,123.77,31.27,75.96,30.99,23.31
2016-08-15,162.97,772.04,58.5,41.64,109.54,124.92,35.17,123.27,31.31,76.23,31.24,24.17
2016-08-16,161.93,768.7317,57.62,41.445,110.23,123.92,35.08,122.32,30.98,76.075,31.23,23.875
2016-08-17,161.16,765.22,57.68,41.38,109.37,124.38,35.15,121.33,30.9,71.65,30.9701,23.44
2016-08-18,162.0,765.17,57.7,41.33,109.6,124.26,35.36,121.39,30.67,70.71,30.67,23.22
2016-08-19,160.91,762.49,57.73,41.34,109.69,124.157,35.12,119.99,30.6499,70.72,30.65,23.41
2016-08-22,160.57,759.85,57.75,41.39,109.1,124.83,35.28,119.9,30.64,70.58,30.78,23.47
2016-08-23,161.34,764.7,58.18,41.64,109.32,125.09,35.27,119.96,30.97,71.5,31.06,23.68
2016-08-24,160.18,763.41,58.04,41.47,108.75,124.69,35.38,119.61,31.33,71.94,31.2,23.66
2016-08-25,159.54,760.56,58.29,41.2,107.88,124.37,35.19,119.21,31.45,72.1,31.39,23.54
2016-08-26,160.44,770.0,58.7,41.58,107.95,125.19,35.1,119.74,31.63,71.5,31.66,23.62
2016-08-29,160.21,774.98,58.6,41.53,107.44,126.73,35.17,120.13,31.5,71.14,31.7,23.475
2016-08-30,160.15,771.8358,58.19,41.395,106.5,126.6,35.18,120.67,32.03,71.14,31.66,23.35
2016-08-31,159.66,769.64,57.8,41.32,106.5699,126.22,34.94,119.62,32.23,70.85,31.58,23.27
2016-09-01,159.62,772.04,57.82,41.26,106.8,126.63,34.94,119.39,32.235,70.7,31.64,23.36
2016-09-02,160.57,776.0,58.19,41.4196,108.0,126.86,34.84,119.81,32.5,71.43,31.95,23.5
2016-09-06,160.86,789.48,57.8,41.37,108.3,129.94,34.99,119.97,32.655,70.96,31.94,23.57
2016-09-07,161.76,790.79,57.84,41.31,108.76,131.98,34.89,119.95,32.73,70.42,31.9336,23.575
2016-09-08,161.21,786.5,57.79,41.0,107.27,131.08,34.81,119.82,32.81,70.3,31.75,23.54
2016-09-09,158.4,781.0,57.52,40.74,105.72,129.949,34.59,119.16,32.59,69.42,31.34,23.74
2016-09-12,158.53,772.66,57.205,40.75,105.72,128.76,34.73,119.45,32.57,69.52,31.495,23.43
2016-09-13,157.93,769.89,56.65,40.53,108.79,128.35,34.44,118.83,32.29,69.45,31.35,23.42
2016-09-14,155.87,767.5,56.63,40.555,113.03,128.8,34.35,118.33,32.13,69.46,31.225,22.78
2016-09-15,156.33,770.87,57.35,41.03,115.73,129.1,34.33,118.94,31.98,69.315,31.39,23.02
2016-09-16,155.4,780.46,57.63,39.95,116.13,129.18,34.22,119.14,31.88,69.33,31.14,22.99
2016-09-19,156.19,781.94,57.75,39.55,116.18,129.94,34.03,118.66,31.96,69.77,31.25,23.05
2016-09-20,156.57,781.37,57.35,39.6,114.12,129.17,33.94,118.24,31.8,69.29,31.22,22.955
2016-09-21,155.68,790.69,57.85,39.575,113.989,130.005,34.33,119.0,32.02,69.64,31.38,23.79
2016-09-22,157.22,805.889,58.0,39.8,114.94,130.73,34.43,119.84,32.34,70.06,31.8,23.97
2016-09-23,156.04,807.75,57.91,39.42,114.79,128.6,34.37,119.6,32.375,68.98,31.8,23.89
2016-09-26,154.46,805.93,57.14,39.105,113.39,128.16,34.01,118.64,32.01,68.45,31.16,23.82
2016-09-27,156.77,816.64,58.06,39.49,113.18,129.01,33.88,119.22,32.105,68.5,31.61,24.1
2016-09-28,158.625,830.14,58.06,39.5,114.64,129.47,34.0,119.52,31.98,68.36,31.59,24.215
2016-09-29,165.0,837.5,58.1679,39.62,113.8,129.29,34.07,119.27,33.19,68.27,31.57,24.0
2016-09-30,159.838,839.95,57.77,39.44,113.37,128.59,34.02,118.619,33.02,68.9,31.8,24.16
2016-10-03,158.37,839.86,57.55,39.255,113.05,129.09,33.73,119.01,32.65,69.03,31.58,24.08
2016-10-04,158.53,842.365,57.595,39.2,114.31,129.2765,33.905,119.48,33.03,69.56,31.63,24.52
2016-10-05,157.83,845.67,57.9601,39.335,113.66,128.8,33.98,119.44,32.47,68.72,31.68,24.99
2016-10-06,157.43,847.21,57.86,39.24,114.34,129.06,33.8,118.85,32.21,68.58,31.63,24.79
2016-10-07,157.7,845.95,57.98,39.0,114.56,129.25,34.0,119.565,32.25,69.21,31.6,24.98
2016-10-10,158.49,845.2,58.39,39.0,116.75,130.7,33.84,120.1955,32.25,69.41,31.68,25.11
2016-10-11,156.95,841.29,58.02,38.65,118.69,130.64,33.57,119.63,31.98,69.02,31.53,24.59
2016-10-12,154.97,837.666,57.27,38.15,117.98,129.66,33.245,118.43,31.605,68.56,30.63,23.63
2016-10-13,154.22,831.8,57.3,38.19,117.44,128.25,32.9,119.2,31.825,68.18,30.25,23.39
2016-10-14,155.53,835.74,57.74,38.585,118.17,128.95,32.9,118.8,32.24,68.55,30.55,23.515
2016-10-17,155.89,822.0,57.46,38.54,117.84,128.47,32.71,118.55,32.39,68.0,30.42,22.83
2016-10-18,151.0,823.26,57.945,38.69,118.21,129.39,32.869,118.48,32.37,67.72,30.69,23.14
2016-10-19,152.45,820.67,57.84,38.635,117.76,130.47,32.845,115.89,32.64,67.7,30.45,23.045
2016-10-20,152.9,815.71,57.52,38.35,117.38,130.66,32.735,115.7,29.84,67.89,30.3736,22.83
2016-10-21,151.15,819.42,60.45,38.12,116.91,132.13,32.45,114.24,29.19,68.45,30.2,23.15
2016-10-24,151.52,838.3,61.0,38.42,117.74,133.405,32.36,114.1897,29.71,68.7,30.5,23.675
2016-10-25,151.16,843.09,61.3699,38.43,118.36,133.5,32.37,114.16,29.39,68.33,30.51,23.76
2016-10-26,152.94,833.44,61.2,38.64,115.7,132.26,32.6,115.22,29.05,68.959,30.86,26.84
2016-10-27,154.06,831.72,60.83,38.56,115.86,131.8,32.81,116.55,29.07,68.78,30.67,26.56
2016-10-28,154.44,789.49,60.52,38.45,115.21,132.97,32.56,115.91,29.095,69.2451,30.8,26.58
2016-10-31,154.33,793.7,60.42,38.51,114.23,132.12,32.04,116.23,28.77,69.25,30.77,26.415
2016-11-01,153.91,800.84,60.02,38.58,113.77,131.94,31.72,115.94,28.695,68.83,30.86,25.97
2016-11-02,153.345,784.75,59.93,38.49,112.35,130.23,31.04,115.76,28.51,68.4899,30.68,25.98
2016-11-03,153.74,777.0,59.64,38.38,111.46,123.28,30.7,115.4393,28.45,68.59,30.56,25.21
2016-11-04,153.64,766.0,59.28,38.58,110.25,121.93,30.37,115.94,28.29,67.31,30.495,25.31
2016-11-07,156.11,787.732,60.52,39.15,110.51,123.2089,30.44,116.72,28.37,67.565,31.06,25.6
2016-11-08,155.93,791.7399,60.78,39.35,111.72,124.61,30.45,117.57,28.25,67.7425,31.195,25.66
2016-11-09,155.56,777.5,60.59,39.735,111.32,123.81,33.37,122.5,28.47,69.25,31.49,25.54
2016-11-10,161.16,778.83,60.49,40.06,111.09,124.18,33.83,121.1,28.75,72.2,31.76,25.82
2016-11-11,161.34,743.26,59.116,39.805,108.87,120.7,33.34,119.49,28.77,71.54,31.47,25.63
2016-11-14,161.86,746.0,59.08,39.67,107.809,119.1256,32.9,118.99,28.74,72.88,31.67,26.195
2016-11-15,159.15,746.78,59.49,39.22,107.68,118.49,32.76,116.69,28.77,72.37,31.85,26.18
2016-11-16,159.55,749.87,59.66,39.8,110.23,117.88,32.33,116.78,28.89,78.3,31.89,26.63
2016-11-17,159.93,757.5,60.95,40.29,110.35,117.79,32.12,116.68,28.92,76.43,30.05,26.29
2016-11-18,160.72,767.74,61.14,40.49,110.54,119.13,31.95,115.92,28.95,76.39,30.36,26.5
2016-11-21,163.0,780.35,60.97,40.03,111.99,121.95,31.69,115.6799,29.14,76.81,30.33,26.6
2016-11-22,163.0,792.4,61.26,40.12,112.42,122.98,31.99,115.0,29.44,78.13,30.19,26.44
2016-11-23,162.38,781.75,61.1,40.1,111.51,121.31,31.45,113.43,29.07,78.96,29.95,26.58
2016-11-25,163.19,786.75,60.53,40.35,111.87,121.14,31.74,114.23,28.99,79.3299,30.145,26.61
2016-11-28,164.66,777.0,61.02,40.53,112.465,121.69,31.835,114.12,28.89,78.94,30.09,26.73
2016-11-29,164.41,769.89,61.41,40.74,112.03,122.1,31.97,113.41,28.805,78.69,30.1,26.975
2016-11-30,163.8,768.09,61.18,40.7,112.2,121.79,32.365,112.52,28.59,78.0434,29.95,27.645
2016-12-01,162.195,753.37,60.15,40.18,110.94,118.45,32.25,111.5399,28.01,78.58,29.85,27.67
2016-12-02,160.29,748.4903,59.47,38.83,110.09,116.48,31.73,112.53,28.83,78.4,29.56,26.91
2016-12-05,161.15,761.49,60.585,39.11,110.03,117.57,31.7667,112.42,28.9,78.08,29.6,27.285
2016-12-06,160.79,768.24,60.46,39.48,110.36,117.795,31.7,113.2,28.39,77.08,29.59,26.99
2016-12-07,165.18,770.42,61.38,40.37,111.19,117.95,31.33,111.89,28.99,77.18,30.04,27.76
2016-12-08,166.0,773.79,61.58,40.495,112.43,119.5,31.1,111.195,29.87,78.42,30.33,29.21
2016-12-09,166.72,770.25,61.99,40.77,114.7,119.94,31.92,112.43,30.105,77.685,30.07,28.86
2016-12-12,166.79,766.89,62.3,40.7,115.0,119.24,32.65,115.4,30.46,77.43,30.2,28.37
2016-12-13,169.952,782.46,63.42,41.0,115.92,121.52,32.88,115.97,30.52,78.06,30.64,28.79
2016-12-14,169.89,780.86,63.45,41.09,116.2,121.69,33.3,117.3,30.16,77.85,31.065,28.71
2016-12-15,169.85,769.1,63.1535,41.14,116.73,122.5,32.955,115.92,29.97,77.695,30.8,28.695
2016-12-16,169.11,765.13,62.95,40.22,116.5,121.5,32.94,116.46,29.92,78.37,30.72,28.69
2016-12-19,167.26,770.5,63.77,39.19,117.38,120.36,32.97,116.66,29.8,77.64,30.87,28.58
2016-12-20,168.25,774.39,63.8,39.11,117.5,119.77,32.88,116.25,29.6,78.0,30.87,28.8
2016-12-21,167.94,771.22,63.7,39.06,117.4,119.2,32.93,116.2,29.39,77.87,30.69,28.6
2016-12-22,168.23,771.21,64.1,39.24,116.51,118.99,32.43,115.526,29.7,77.0,30.48,28.52
2016-12-23,167.49,766.5,63.54,39.0226,116.52,117.56,32.56,116.32,29.82,74.48,30.6,28.48
2016-12-27,167.98,774.65,64.07,39.04,117.8,118.68,32.72,116.0,30.37,74.23,30.82,28.74
2016-12-28,167.74,780.0,63.4,38.92,118.0166,118.25,32.69,116.16,30.25,73.98,30.77,28.7
2016-12-29,166.99,773.4,63.2,38.84,117.1095,117.531,32.62,115.87,30.21,73.17,30.55,28.58
2016-12-30,166.7,767.3999,62.99,38.8625,117.2,116.83,32.6,115.99,30.38,72.93,30.6,28.45
2017-01-03,167.87,758.7595,62.84,38.69,116.33,117.84,33.0,116.0,30.19,72.89,30.56,28.99
2017-01-04,169.87,759.68,62.75,38.92,116.51,119.66,33.35,116.23,30.01,74.24,30.42,28.98
2017-01-05,169.39,782.3999,62.66,38.95,116.8642,120.95,33.69,116.97,30.08,72.72,30.355,29.1
2017-01-06,169.92,799.44,63.15,38.75,118.16,123.88,33.7,117.0,31.16,72.23,30.35,28.91
2017-01-09,169.8,801.7742,63.08,39.45,119.43,125.43,33.67,116.61,31.03,71.87,30.33,28.7
2017-01-10,168.09,798.0,63.07,39.07,119.38,125.5,33.66,117.0,30.72,72.01,30.55,28.54
2017-01-11,167.76,799.5,63.23,39.13,119.93,126.12,33.54,116.25,30.42,71.93,30.41,27.94
2017-01-12,168.01,814.13,63.4,39.32,119.3,126.73,32.62,114.73,30.8,71.71,30.155,27.94
2017-01-13,168.48,821.65,62.865,39.33,119.62,129.27,32.78,115.02,30.35,71.38,30.22,27.98
2017-01-17,168.18,816.0,62.7,39.28,120.24,128.34,32.38,115.05,30.69,72.08,30.25,27.795
2017-01-18,168.59,811.73,62.7,39.34,120.5,128.43,32.275,115.1,30.48,68.0,30.18,27.65
2017-01-19,167.45,813.51,62.98,39.38,120.09,128.35,32.09,114.9,30.84,66.88,30.19,27.61
2017-01-20,170.64,816.02,62.82,40.035,120.45,128.48,32.12,115.03,30.96,65.41,30.25,27.61
2017-01-23,171.25,818.5,63.1159,40.09,120.81,129.25,31.82,114.77,30.65,64.55,30.3,27.57
2017-01-24,176.0,823.99,63.735,40.2,120.1,129.9,31.46,113.3,30.33,64.42,30.75,27.96
2017-01-25,179.25,837.4183,64.1,40.375,122.1,131.74,31.52,112.8,30.5,65.165,31.05,28.34
2017-01-26,178.88,843.84,64.535,40.25,122.44,133.14,31.47,112.84,32.85,64.9099,30.84,28.3
2017-01-27,179.2,839.7,65.91,40.39,122.35,132.95,31.54,113.5398,32.61,64.77,30.98,27.0368
2017-01-30,177.07,833.5,65.79,40.25,121.63,131.58,31.5,113.6,32.28,64.14,30.995,26.6
2017-01-31,175.58,826.99,65.15,40.25,121.39,130.66,31.93,113.4,32.0,64.5,30.89,26.79
2017-02-01,175.7025,833.78,64.62,40.22,130.49,133.49,31.69,113.32,32.24,64.16,30.847,26.89
2017-02-02,174.97,842.49,63.41,40.0,129.39,135.49,31.73,113.62,32.21,64.17,31.26,27.27
2017-02-03,176.34,818.3,63.7,40.43,129.19,132.85,32.24,113.66,32.2,64.35,31.35,27.46
2017-02-06,175.98,810.72,63.65,40.44,130.5,132.06,32.33,113.59,32.24,63.95,31.305,27.36
2017-02-07,178.62,816.16,63.78,40.3,132.09,133.0,32.35,113.62,32.47,64.16,31.6399,27.24
2017-02-08,177.5,821.479,63.81,40.35,132.22,134.44,32.345,113.69,33.41,64.91,31.55,27.265
2017-02-09,177.8,825.0,64.435,40.45,132.445,134.5,32.54,114.65,33.35,66.535,31.69,27.62
2017-02-10,178.8701,828.0,64.3,40.92,132.94,134.94,32.45,115.99,33.84,66.96,31.63,27.73
2017-02-13,179.9,842.9999,64.86,41.19,133.82,134.6975,32.69,116.12,34.085,65.7,31.995,28.03
2017-02-14,180.13,838.31,64.72,41.17,135.09,134.23,32.77,116.4,33.96,65.66,32.31,27.97
2017-02-15,181.92,842.81,64.57,41.48,136.27,133.7,33.58,117.46,34.15,65.9513,32.84,28.04
2017-02-16,182.79,845.0,65.24,41.735,135.9,133.87,33.885,118.28,34.145,65.85,33.97,28.2
2017-02-17,181.57,847.27,64.69,42.06,135.83,134.0912,33.89,118.9,33.9,65.9,33.77,28.43
2017-02-21,180.79,857.98,64.95,42.38,136.75,133.91,33.8,119.89,34.23,66.39,34.21,28.77
2017-02-22,181.34,858.43,64.39,42.52,137.12,136.79,33.75,119.77,34.14,66.28,34.1485,28.7
2017-02-23,182.5,860.86,64.7285,42.99,137.48,136.12,34.12,121.9,33.93,66.15,34.28,28.72
2017-02-24,181.49,845.81,64.8,43.19,136.66,135.62,34.35,122.74,34.07,66.64,34.32,28.42
2017-02-27,181.25,852.5,64.54,43.26,137.435,137.1846,34.46,122.88,34.305,67.08,34.32,28.51
2017-02-28,180.63,854.09,64.2,42.745,137.435,136.805,34.264,122.65,34.28,59.67,34.2869,28.29
2017-03-01,182.55,854.83,64.99,43.0,140.15,137.48,34.53,124.45,34.43,59.33,34.51,28.365
2017-03-02,181.88,854.82,64.75,42.93,140.2786,137.82,34.75,124.36,34.33,58.52,34.53,28.28
2017-03-03,181.32,851.985,64.28,42.885,139.83,137.33,34.6464,123.93,33.87,58.28,34.44,28.33
2017-03-06,180.99,848.49,64.56,42.735,139.77,137.83,34.47,124.4268,33.76,57.35,34.28,28.25
2017-03-07,181.29,848.46,64.775,42.75,139.98,138.37,34.2,124.46,33.83,56.43,34.25,28.23
2017-03-08,180.95,853.07,65.085,42.79,139.8,137.99,34.1,124.68,33.55,55.55,34.23,28.03
2017-03-09,179.25,856.3999,65.2,42.63,138.79,138.57,34.14,126.21,33.35,55.35,34.11,27.96
2017-03-10,179.49,857.35,65.26,42.69,139.3571,139.49,34.32,126.49,33.46,55.88,34.295,28.09
2017-03-13,178.06,855.69,65.195,42.78,139.43,139.68,34.15,126.95,33.22,55.61,34.33,28.13
2017-03-14,176.82,853.75,64.55,42.84,139.65,139.46,34.33,127.75,32.95,55.37,34.14,28.16
2017-03-15,176.28,854.45,64.92,43.2,140.7501,140.1,34.7099,129.0,33.17,54.71,34.35,28.395
2017-03-16,179.0,855.5,64.76,46.99,141.02,140.25,34.63,128.7,33.2,54.952,34.48,28.56
2017-03-17,176.79,853.83,65.24,45.98,141.0,140.34,34.58,128.94,33.84,54.78,34.38,28.82
2017-03-20,176.18,857.8,65.175,45.95,141.5,140.19,34.4999,128.42,34.03,54.64,34.385,28.4
2017-03-21,176.23,862.795,65.5,45.4,142.8,142.3082,34.61,128.45,33.99,54.46,34.47,28.19
2017-03-22,175.06,849.37,65.14,45.45,141.6,139.79,34.54,127.65,33.67,53.6654,34.2,28.145
2017-03-23,175.67,850.89,65.235,45.06,141.5844,140.39,34.56,127.002,33.78,53.64,34.26,28.18
2017-03-24,175.5,851.8,65.45,45.09,141.74,141.0244,34.27,126.36,33.67,53.345,34.3,28.095
2017-03-27,174.16,850.3,65.22,44.93,141.22,140.65,34.31,126.14,33.49,53.745,34.03,27.82
2017-03-28,175.0,858.46,65.47,45.03,144.04,141.95,34.26,125.78,33.66,53.68,34.21,28.0
2017-03-29,174.49,876.438,65.5,44.73,144.49,142.86,34.45,125.33,33.78,55.58,34.05,27.85
2017-03-30,174.59,877.06,65.98,44.745,144.5,142.95,34.44,125.43,33.795,55.4093,33.9255,27.82
2017-03-31,174.95,890.35,66.19,44.85,144.27,142.63,34.38,124.825,33.95,55.7697,33.88,27.89
2017-04-03,174.87,893.49,65.94,45.05,144.12,142.47,34.35,125.31,33.91,55.23,33.94,27.93
2017-04-04,174.96,908.5384,65.81,44.74,144.89,142.09,34.5,124.765,34.26,53.99,33.42,28.2
2017-04-05,176.33,923.72,66.35,44.97,145.46,143.44,34.52,125.6016,34.735,53.84,33.53,28.21
2017-04-06,173.47,917.1899,66.055,44.53,144.52,142.22,34.35,125.46,34.32,54.13,33.28,28.02
2017-04-07,172.93,900.09,65.96,44.385,144.18,141.55,34.25,125.47,34.22,53.79,33.15,28.06
2017-04-10,172.56,908.51,65.82,44.445,143.8792,141.43,34.215,124.95,34.36,54.34,33.22,28.02
2017-04-11,171.23,911.24,65.61,44.45,143.35,141.0299,34.08,124.79,34.14,53.9,33.08,27.86
2017-04-12,171.2,904.09,65.51,44.41,142.15,140.4,33.99,125.46,34.625,53.53,32.96,27.83
2017-04-13,171.36,894.97,65.86,44.45,142.38,140.58,34.02,125.65,34.7,53.64,32.85,27.845
2017-04-17,171.3,902.38,65.49,44.3551,141.88,141.55,34.05,125.81,34.44,53.68,32.67,27.76
2017-04-18,171.69,909.61,65.71,44.58,142.04,141.905,33.88,123.37,34.37,53.82,32.73,27.89
2017-04-19,162.64,910.5,65.75,44.54,142.0,143.04,33.91,122.28,34.34,54.375,32.89,27.88
2017-04-20,162.4,905.32,65.75,44.63,142.92,144.25,33.87,122.15,33.04,54.88,32.95,28.0
2017-04-21,162.11,903.65,66.7,44.74,142.68,144.17,33.73,122.04,32.69,55.125,32.94,27.945
2017-04-24,161.57,909.99,67.66,44.99,143.95,145.6738,34.03,123.21,32.56,55.29,33.36,28.41
2017-04-25,162.04,909.48,68.04,44.98,144.9,147.15,33.96,123.745,32.83,55.16,33.52,28.415
2017-04-26,161.1,915.749,68.31,45.04,144.6,147.59,34.03,124.26,33.13,56.29,33.63,30.0
2017-04-27,160.48,921.86,68.38,44.94,144.16,147.75,34.02,124.3057,33.12,56.17,34.11,29.99
2017-04-28,160.59,949.59,69.14,44.96,144.3,151.53,33.94,123.9,33.45,56.08,34.075,30.31
2017-05-01,160.42,954.4,69.55,45.18,147.2,152.57,33.99,123.775,33.58,56.0,34.14,30.665
2017-05-02,159.49,950.1,69.71,45.35,148.09,153.44,33.72,123.74,33.545,56.34,34.24,30.96
2017-05-03,159.45,946.0,69.38,45.155,147.49,153.6,33.59,123.7,33.6,57.54,34.335,30.885
2017-05-04,159.14,945.0,69.08,45.78,147.14,151.52,33.59,123.95,33.675,57.68,34.49,30.5998
2017-05-05,155.78,940.79,69.03,45.78,148.98,151.63,33.48,123.8,33.71,57.58,34.4,30.72
2017-05-08,153.47,949.05,69.05,45.705,153.7,151.08,33.62,123.8,33.72,57.55,34.6,30.63
2017-05-09,153.1,957.89,69.28,45.68,154.88,152.59,33.59,123.47,33.87,58.65,34.255,30.74
2017-05-10,152.37,953.7499,69.56,45.56,153.94,150.52,33.12,123.055,34.155,58.485,33.9,30.895
2017-05-11,151.15,950.29,68.73,45.41,154.07,150.65,33.14,123.21,34.165,57.87,33.82,30.86
2017-05-12,151.265,962.79,68.61,45.15,156.42,150.46,33.07,124.1,34.28,56.01,33.62,30.69
2017-05-15,151.83,963.15,68.48,45.36,156.65,151.48,33.18,127.36,34.37,56.14,34.46,30.68
2017-05-16,153.99,970.06,69.44,45.37,156.06,150.21,32.8,128.37,34.87,55.56,34.33,30.68
2017-05-17,154.14,960.3957,69.1,45.09,154.57,148.67,32.57,127.89,34.6,56.97,34.31,30.33
2017-05-18,151.33,962.75,68.13,44.41,153.34,148.15,32.42,127.87,33.91,56.11,31.51,29.89
2017-05-19,152.46,968.92,68.095,44.52,153.98,149.39,32.46,127.39,34.21,56.44,31.78,29.94
2017-05-22,152.84,971.38,68.5,44.65,154.58,148.59,32.5,127.65,34.03,56.07,31.98,29.735
2017-05-23,153.68,975.2,68.75,44.84,154.9,148.81,32.28,128.15,34.86,55.43,31.87,29.88
2017-05-24,152.76,981.0,68.88,44.88,154.17,150.23,32.275,128.0,34.99,54.54,31.94,29.46
2017-05-25,153.73,999.0,69.88,45.3,154.35,152.59,32.2,127.62,35.3,54.56,31.69,29.57
2017-05-26,153.0,998.65,70.22,45.445,154.24,152.25,32.29,127.67,35.26,54.55,31.59,29.56
2017-05-30,152.67,1001.2,70.41,45.46,154.43,152.9,32.31,127.3901,34.83,55.11,31.81,29.425
2017-05-31,152.8,1000.12,70.74,45.55,154.17,153.35,32.79,128.8,34.92,55.3,31.89,29.44
2017-06-01,152.87,998.99,70.61,45.8,153.33,152.29,32.85,128.78,34.89,55.8851,31.82,30.14
2017-06-02,153.2,1008.48,71.86,46.07,155.45,153.63,32.88,130.14,35.44,55.79,32.06,30.23
2017-06-05,152.93,1013.21,72.89,45.995,154.45,154.7088,32.58,130.7,36.02,55.68,32.05,30.2
2017-06-06,152.89,1016.5,72.62,45.84,155.81,154.52,32.365,131.33,35.805,55.27,31.76,30.44
2017-06-07,154.2,1010.25,72.77,45.65,155.98,153.75,32.16,131.48,35.87,54.83,31.72,30.105
2017-06-08,152.82,1013.61,72.52,45.8565,155.54,154.73,32.1,131.4,36.315,55.18,31.81,29.63
2017-06-09,154.265,1012.99,72.08,45.6699,155.19,155.59,32.8,131.7,36.5,57.07,31.83,29.6
2017-06-12,157.2,975.95,69.94,44.85,146.09,149.195,33.12,132.04,34.77,58.47,31.64,28.88
2017-06-13,155.48,984.5,70.82,45.235,147.45,151.18,32.78,132.73,34.55,57.84,31.8,29.25
2017-06-14,154.9399,990.34,71.1,45.28,147.5,152.4,32.76,133.56,34.73,57.96,31.97,29.29
2017-06-15,154.69,965.73,70.21,44.815,144.4798,150.0366,33.03,133.35,34.29,57.75,31.64,28.99
2017-06-16,155.42,999.75,70.0252,45.1,144.5,150.83,33.13,134.605,34.32,52.61,31.64,28.95
2017-06-19,155.86,1017.0,70.945,45.75,146.74,153.57,33.25,134.68,34.99,52.91,32.02,29.19
2017-06-20,155.389,1004.88,70.87,46.32,146.87,153.84,33.75,134.755,35.34,51.87,32.16,29.25
2017-06-21,155.79,1002.72,70.62,46.54,146.0693,154.08,34.095,135.11,35.12,51.79,31.87,28.86
2017-06-22,154.99,1006.96,70.59,51.85,146.7,154.55,34.48,137.0,35.285,50.96,32.0,28.9
2017-06-23,154.68,1004.62,71.25,51.835,147.16,155.2,34.22,136.51,35.735,50.92,32.3,28.43
2017-06-26,155.75,1009.8,71.71,51.7,148.28,156.5,34.21,136.899,35.97,51.66,32.5,28.36
2017-06-27,155.34,998.8,70.18,51.45,146.16,153.31,34.13,136.73,35.32,52.34,32.26,28.38
2017-06-28,155.55,990.68,69.841,51.09,146.11,153.47,33.99,136.2,35.33,52.69,32.275,28.31
2017-06-29,155.74,987.56,69.49,50.885,145.13,152.5,33.87,133.7276,35.3,52.63,32.025,28.17
2017-06-30,154.5,983.47,69.38,50.52,144.96,151.92,33.795,133.2,35.07,52.43,31.79,28.04
2017-07-03,156.025,974.49,69.6,50.13,145.3001,152.15,33.97,133.32,35.305,52.88,31.64,28.15
2017-07-05,155.89,975.0,69.44,50.03,144.79,150.85,33.95,134.06,34.86,53.18,31.27,28.24
2017-07-06,153.83,974.4,68.78,49.42,143.5,150.04,33.67,133.97,34.5,52.08,31.02,28.13
2017-07-07,153.49,980.11,69.84,49.44,144.75,151.99,33.36,133.0,34.55,51.73,31.07,28.49
2017-07-10,153.89,999.4392,70.25,49.83,145.95,153.98,33.53,132.87,35.14,51.17,31.09,29.28
2017-07-11,153.65,995.99,70.68,49.89,145.85,155.4225,33.47,131.79,35.45,50.775,31.12,29.27
2017-07-12,154.24,1008.55,71.28,50.48,146.18,159.16,33.53,132.89,36.2,51.16,31.44,29.36
2017-07-13,154.19,1006.88,72.0399,50.675,148.49,159.78,33.34,132.22,37.13,53.71,31.28,29.3
2017-07-14,154.615,1004.45,73.27,50.65,149.33,160.32,33.55,133.0,37.2,53.54,31.45,29.135
2017-07-17,153.88,1014.75,73.45,50.58,150.9,160.78,33.47,132.93,37.17,54.17,31.635,29.16
2017-07-18,154.29,1026.03,73.39,50.7,150.13,163.73,33.39,134.95,36.94,53.97,31.51,29.11
2017-07-19,150.25,1031.59,74.04,51.1,151.42,165.7,33.69,135.41,37.26,54.205,32.05,29.45
2017-07-20,148.83,1034.97,74.3,51.26,151.74,165.0,33.7,137.08,37.48,54.93,32.05,29.48
2017-07-21,147.87,1026.1,74.29,51.15,150.44,165.05,33.58,136.27,36.9,55.01,32.03,29.65
2017-07-24,147.04,1043.01,73.75,50.9,152.44,166.17,33.445,135.16,36.73,54.86,31.925,29.57
2017-07-25,147.49,1043.33,74.31,51.23,153.84,165.54,33.48,133.8499,36.485,55.56,32.25,30.29
2017-07-26,146.46,1053.2,74.38,51.19,153.93,166.01,33.1,132.24,37.07,55.16,32.225,29.06
2017-07-27,145.395,1083.31,74.42,51.36,153.99,175.49,33.0,131.15,37.265,56.06,31.7502,28.19
2017-07-28,145.04,1032.85,73.31,50.49,150.23,173.43,33.17,131.99,36.21,56.36,31.6,27.88
2017-07-31,144.93,1019.05,73.44,50.5,150.33,172.72,33.39,133.58,36.13,56.75,31.59,28.025
2017-08-01,145.67,1006.4,73.42,50.22,150.22,170.47,33.3,133.35,36.02,56.88,31.66,28.29
2017-08-02,145.29,1003.21,72.56,50.31,159.75,170.55,32.92,132.5,35.95,57.12,31.57,28.41
2017-08-03,145.34,999.5,72.44,50.41,157.21,169.7,33.81,133.4,35.98,57.38,31.72,28.46
2017-08-04,145.39,991.672,73.04,50.21,157.4,170.06,34.0,134.01,35.86,57.65,31.91,28.46
2017-08-07,145.09,,72.9,50.09,,172.06,33.59,133.48,36.15,57.97,31.8799,28.35
2017-08-08,142.76,996.28,73.13,49.825,161.83,173.05,33.46,132.8,36.64,59.21,32.0,28.47
2017-08-09,142.03,988.0,72.51,49.39,161.27,171.45,33.46,133.41,36.225,58.58,31.675,28.45
2017-08-10,142.42,979.86,72.19,48.96,160.0,170.59,33.55,133.8501,35.9845,57.32,31.56,28.32
2017-08-11,142.59,970.39,72.7,48.435,158.5728,168.82,33.565,134.49,35.32,55.92,31.545,27.73
2017-08-14,142.76,985.5,73.72,48.96,160.21,171.08,33.365,134.37,35.45,56.0466,31.89,27.96
2017-08-15,143.34,991.74,73.59,49.06,162.195,171.5,33.53,133.94,35.42,55.78,32.21,28.06
2017-08-16,142.91,986.4605,74.1,49.315,162.51,171.38,33.49,134.97,35.48,57.0,32.4652,27.78
2017-08-17,142.89,977.84,73.87,49.31,160.71,169.86,33.45,134.74,35.5,57.055,31.77,27.72
2017-08-18,141.15,965.43,72.84,48.88,159.5,168.67,32.97,133.78,35.14,56.36,31.06,27.38
2017-08-21,140.42,961.2,72.48,48.96,157.89,168.0,32.87,133.65,35.13,57.115,30.795,27.23
2017-08-22,141.15,967.93,73.24,49.35,160.0,169.87,33.22,134.79,34.81,56.91,31.33,27.61
2017-08-23,143.05,962.0,73.15,49.43,160.47,169.36,33.39,134.49,34.98,56.89,31.4,27.5
2017-08-24,143.68,959.0,72.86,49.2569,160.74,169.29,33.395,133.08,35.04,57.63,31.4,27.5
2017-08-25,144.19,957.621,73.35,49.44,160.56,168.38,33.62,132.56,35.07,55.4,31.8,27.7866
2017-08-28,144.56,953.0,73.09,49.39,162.0,167.7,33.62,132.12,34.9,54.86,31.66,27.69
2017-08-29,143.425,956.0,73.16,49.57,163.12,168.425,33.55,132.45,35.315,54.86,31.6299,27.445
2017-08-30,143.28,969.41,74.2099,49.95,163.89,170.18,33.48,132.0,35.955,54.84,32.2,27.65
2017-08-31,143.66,981.0,74.96,50.515,164.52,172.145,34.02,132.5,36.32,55.0,32.34,27.78
2017-09-01,144.5,984.5,74.74,50.88,164.94,172.915,34.13,132.65,36.58,56.42,32.345,27.87
2017-09-05,144.3575,976.7699,73.89,51.08,164.25,172.3875,34.165,131.18,36.48,57.41,32.245,27.62
2017-09-06,144.47,971.84,74.04,51.225,162.99,172.48,34.11,131.0,36.98,58.63,31.91,27.56
2017-09-07,144.64,980.59,74.6,51.78,162.24,173.3067,34.13,132.52,38.19,58.86,31.97,27.45
2017-09-08,143.15,979.88,74.44,51.88,161.15,173.49,34.25,132.34,38.3,58.27,31.78,27.04
2017-09-11,145.13,981.94,74.945,52.61,162.05,173.89,34.34,133.34,38.26,57.84,32.3,27.16
2017-09-12,146.37,984.6718,75.24,52.89,163.96,174.0,35.75,133.88,38.3,58.59,32.47,27.62
2017-09-13,146.29,1000.0,75.23,52.98,159.96,173.17,35.43,133.7467,38.5,60.115,32.39,27.61
2017-09-14,146.38,998.56,75.49,53.14,159.4,172.28,35.84,134.47,38.585,59.69,32.22,27.565
2017-09-15,145.17,996.25,75.39,50.7,160.97,172.34,35.72,135.45,38.865,60.085,32.5,27.81
2017-09-18,145.4799,992.7922,75.97,49.06,160.5,172.07,35.55,135.77,38.665,60.44,32.66,27.84
2017-09-19,144.98,978.24,75.71,48.5,159.77,172.56,35.66,135.79,38.75,59.74,32.65,27.81
2017-09-20,145.88,974.81,75.55,48.19,158.26,173.05,36.21,134.29,38.87,59.49,32.75,27.84
2017-09-21,145.8911,971.7,75.24,48.19,155.8,172.27,36.19,133.82,38.67,59.15,32.9,27.82
2017-09-22,145.59,965.61,74.51,48.425,152.27,171.73,36.12,132.39,38.31,59.05,33.53,28.085
2017-09-25,146.03,949.42,74.25,48.54,151.83,169.3,36.03,131.76,38.31,59.29,33.84,28.21
2017-09-26,147.42,948.63,73.81,48.21,153.92,165.5,35.645,131.94,38.19,59.08,34.1,28.09
2017-09-27,146.9,955.3,74.17,48.36,154.7189,168.34,35.525,131.09,38.29,59.01,33.92,28.23
2017-09-28,145.86,959.7,73.97,48.25,154.28,169.0696,35.78,130.27,37.96,59.51,33.46,28.09
2017-09-29,145.69,964.83,74.535,48.75,154.13,171.66,35.7,130.47,38.6,59.57,33.67,27.86
2017-10-02,146.865,967.305,75.01,49.0,154.45,171.87,36.1,131.33,38.78,59.08,33.77,28.39
2017-10-03,147.1999,963.69,74.88,48.96,155.09,170.73,36.2,132.4,39.05,59.24,33.9,28.55
2017-10-04,147.02,967.79,74.72,49.19,153.86,170.67,36.24,133.18,38.83,58.93,33.56,28.765
2017-10-05,147.54,981.51,76.12,49.03,155.44,171.31,36.0,133.31,39.035,58.89,33.67,28.81
2017-10-06,146.85,995.75,76.03,48.7,155.49,172.37,36.14,133.25,39.08,57.66,33.78,28.63
2017-10-09,147.79,998.5,76.55,48.58,156.73,174.88,36.15,133.815,39.265,57.3,33.89,28.36
2017-10-10,148.95,997.95,76.63,48.46,158.0,173.2,36.51,134.13,39.275,57.85,33.91,27.61
2017-10-11,148.47,995.5,76.46,48.47,156.98,172.78,36.48,137.08,38.98,59.67,33.63,27.0
2017-10-12,147.89,1008.44,77.29,48.48,157.37,173.85,36.6,137.52,38.5,60.245,33.46,26.7
2017-10-13,147.85,1007.77,77.87,48.71,157.28,174.65,36.49,137.42,38.53,61.56,33.57,25.92
2017-10-16,147.67,1009.57,77.81,48.91,160.0,175.0,36.48,137.26,38.5,60.75,33.64,26.199
2017-10-17,147.12,1011.47,77.62,49.3,160.87,176.13,36.33,141.12,37.84,60.56,33.67,26.12
2017-10-18,161.23,1022.31,77.85,49.76,160.71,176.74,36.29,141.58,38.22,60.58,33.75,26.24
2017-10-19,160.96,991.05,77.93,49.67,157.08,176.03,36.38,142.98,37.49,60.54,33.89,26.09
2017-10-20,162.48,994.62,78.97,49.79,157.75,175.88,36.42,143.62,37.86,61.8,34.39,26.195
2017-10-23,162.51,986.775,79.34,49.66,157.69,175.34,36.78,144.3523,37.85,63.62,34.68,26.16
2017-10-24,159.7,979.85,79.2,50.14,157.42,173.24,36.53,143.38,37.03,63.24,34.675,26.23
2017-10-25,156.37,984.44,79.1,50.65,157.55,172.25,36.35,143.23,36.92,62.97,34.73,25.1
2017-10-26,155.12,982.9,79.42,50.3,157.8295,172.285,36.215,143.75,37.24,62.67,34.51,24.93
2017-10-27,154.63,1105.58,86.2,50.97,163.6,178.21,35.75,142.7,37.36,61.56,34.62,25.28
2017-10-30,154.59,1122.79,84.325,50.75,168.07,180.69,35.47,141.21,37.13,60.2,34.38,25.23
2017-10-31,154.93,1110.54,84.36,51.28,169.6499,180.8,35.34,140.26,37.68,59.76,34.24,25.175
2017-11-01,154.9,1108.97,83.76,51.17,169.94,182.9,35.73,140.59,38.09,59.42,34.75,25.0
2017-11-02,154.49,1101.94,84.46,50.7,168.5,181.94,35.51,140.29,37.5,59.95,34.64,24.82
2017-11-03,153.47,1112.68,84.54,50.44,174.26,179.86,35.56,140.4,37.545,60.12,34.49,24.68
2017-11-06,151.82,1125.41,84.7,50.55,174.99,180.45,35.61,140.49,37.61,59.4,34.56,24.86
2017-11-07,151.51,1130.6,84.9,50.58,175.25,180.7478,35.42,140.15,37.6,59.11,34.48,24.82
2017-11-09,151.8,1129.62,84.27,50.22,176.095,179.4,35.25,141.41,36.36,60.15,34.32,25.47
2017-11-10,150.89,1131.75,84.095,49.37,175.38,179.0999,35.19,140.13,36.045,61.41,34.09,25.18
2017-11-13,149.0,1139.9,83.94,49.43,174.5,179.04,35.48,140.02,36.1,61.95,34.21,25.5
2017-11-14,148.97,1138.0,84.1,49.33,173.48,178.97,35.7,140.2843,35.79,60.305,34.16,26.67
2017-11-15,148.705,1131.75,83.69,49.075,170.3197,178.57,35.5,139.83,35.47,57.91,34.31,26.91
2017-11-16,149.65,1138.16,83.42,49.62,171.87,179.83,35.58,139.68,35.815,55.32,36.67,26.46
2017-11-17,150.15,1138.8,83.12,49.23,171.39,179.98,35.49,138.86,35.71,58.74,36.32,26.42
2017-11-20,151.95,1133.42,82.59,49.16,170.56,179.5,35.45,138.56,35.97,58.21,36.54,27.09
2017-11-21,152.45,1140.0,83.84,49.1,173.7,181.89,35.73,139.26,36.11,58.07,36.97,27.28
2017-11-22,152.39,1160.27,83.9,48.83,175.0,181.73,35.5,138.38,36.195,57.76,36.715,27.41
2017-11-24,152.2,1186.84,83.43,49.13,175.5,183.15,35.56,138.38,36.11,58.13,36.57,27.44
2017-11-27,152.49,1213.41,83.98,49.22,175.08,183.73,35.65,138.31,36.2,56.39,37.09,27.63
2017-11-28,152.93,1205.34,85.06,49.2,174.87,184.25,35.89,140.53,36.2,56.75,37.8,28.29
2017-11-29,153.61,1194.8,84.9172,48.86,172.92,181.97,36.41,140.63,35.45,61.78,38.025,29.95
2017-11-30,154.41,1178.57,84.52,49.33,172.14,178.275,36.48,140.28,35.19,63.1,37.8,28.73
2017-12-01,155.02,1179.65,84.81,50.0,171.67,177.48,36.5,140.53,35.25,60.47,37.66,29.0
2017-12-04,156.8,1175.2,84.4299,49.82,172.62,176.57,36.62,141.5,36.08,63.03,37.99,28.47
2017-12-05,156.74,1159.27,82.68,48.65,171.52,175.38,36.185,140.81,37.19,62.48,37.82,28.27
2017-12-06,156.22,1155.89,83.14,48.585,170.2047,176.77,35.88,141.96,36.91,62.28,37.72,28.12
2017-12-07,154.45,1163.19,82.8,48.81,170.44,180.39,35.64,141.499,37.15,61.66,37.78,28.47
2017-12-08,155.03,1172.79,84.58,49.69,171.0,182.28,35.77,140.76,37.99,61.83,37.69,28.55
2017-12-11,155.89,1169.9,85.37,50.5,172.89,180.22,36.26,141.17,37.69,62.17,38.04,28.55
2017-12-12,157.85,1173.6,86.05,50.71,172.39,179.18,36.82,143.57,37.49,61.95,38.1,29.565
2017-12-13,156.73,1170.87,86.0,50.51,173.54,179.16,36.8,143.43,37.64,62.83,38.37,29.26
2017-12-14,155.11,1177.93,85.8739,50.4,173.13,180.3601,36.89,143.62,37.77,63.7,38.27,29.1
2017-12-15,153.8,1182.75,87.09,48.48,174.17,180.4934,37.225,143.14,38.42,63.2,38.28,28.98
2017-12-18,154.18,1194.78,87.4999,48.85,177.2,181.3,37.35,143.8,38.66,64.42,38.89,29.07
2017-12-19,154.17,1192.97,86.35,48.35,175.39,180.08,37.23,142.38,38.23,64.64,38.86,28.73
2017-12-20,153.89,1191.0,86.3,48.05,175.42,179.81,37.14,142.58,38.1,65.24,38.8,28.61
2017-12-21,153.46,1179.17,86.1,48.11,176.02,178.68,36.6,142.17,38.24,65.735,38.995,28.93
2017-12-22,153.0,1174.62,85.63,47.4,175.424,177.53,36.38,141.35,37.905,65.47,38.74,28.91
2017-12-26,153.86,1178.32,85.5346,47.58,171.47,177.0,36.27,140.54,38.01,66.45,38.68,29.09
2017-12-27,153.18,1187.29,85.98,47.47,170.78,178.44,36.46,141.15,38.08,66.11,38.65,28.99
2017-12-28,154.12,1190.1,85.93,47.55,171.85,178.9367,36.53,141.0,37.93,65.41,38.73,29.28
2017-12-29,154.72,1184.0,86.05,47.88,170.59,178.85,36.49,141.2074,38.03,65.74,38.62,28.92
2018-01-02,154.81,1190.0,86.31,47.8011,172.3,181.58,36.515,139.95,38.36,68.13,38.95,28.93
2018-01-03,159.81,1205.49,86.51,48.07,174.55,184.78,36.77,140.68,39.28,68.84,39.285,28.9
2018-01-04,162.3237,1215.87,87.66,48.19,173.47,186.21,36.915,141.14,39.7729,67.82,39.54,29.15
2018-01-05,162.9,1229.14,88.41,48.63,175.37,186.9,36.88,141.82,39.835,66.74,39.88,28.9299
2018-01-08,163.905,1253.08,88.58,49.07,175.61,188.9,36.8,142.0,40.08,68.32,39.96,28.845
2018-01-09,164.53,1259.33,88.7272,49.36,175.06,188.8,36.637,145.68,40.13,70.02,39.96,28.93
2018-01-10,164.33,1254.33,88.19,49.27,174.3,187.89,36.61,144.155,39.02,71.76,40.24,28.66
2018-01-11,164.94,1276.77,88.13,49.02,175.4886,188.4,36.7,144.9,37.94,74.06,40.21,28.77
2018-01-12,164.74,1305.76,89.78,49.825,177.36,181.48,36.8,146.42,38.27,77.0,40.93,28.935
2018-01-16,165.29,1339.94,90.79,50.06,179.39,181.75,36.98,148.06,38.25,77.58,41.16,29.2
2018-01-17,169.1253,1314.0,90.28,50.29,179.25,179.32,37.37,148.32,38.31,77.25,41.32,28.74
2018-01-18,171.13,1304.6,90.67,50.68,180.1,180.98,37.17,147.44,38.94,77.91,41.48,28.47
2018-01-19,165.4,1313.0,90.61,50.6,179.58,182.37,37.28,147.65,39.02,78.17,41.52,28.04
2018-01-22,163.98,1327.45,91.62,50.74,177.78,185.39,37.07,148.14,39.73,78.64,41.66,28.6
2018-01-23,166.26,1364.9,92.3,51.27,179.44,189.55,37.08,147.44,39.89,78.7,42.13,28.46
2018-01-24,168.72,1388.16,93.43,52.0,177.3,190.66,37.0701,143.56,40.71,78.29,42.685,28.45
2018-01-25,166.78,1378.34,93.24,52.045,174.95,188.62,37.34,144.66,40.41,77.56,42.47,28.16
2018-01-26,167.4142,1402.53,94.06,52.75,172.0,190.0,39.09,145.6,40.91,77.02,42.56,28.21
2018-01-29,168.39,1431.39,95.45,52.79,170.16,188.84,39.43,144.94,41.07,77.14,42.98,28.67
2018-01-30,166.77,1439.25,93.66,51.99,167.37,188.18,38.75,143.82,41.34,76.7,42.86,28.55
2018-01-31,164.99,1472.58,95.4,51.845,168.4417,189.83,37.99,142.57,41.1,75.75,42.01,26.31
2018-02-01,164.13,1459.88,96.07,51.98,168.62,195.32,37.395,140.67,46.99,75.65,42.11,26.576
2018-02-02,162.0,1498.0,93.97,51.41,166.8,194.21,37.25,140.36,46.24,74.49,41.95,26.745
2018-02-05,158.5,1458.98,93.24,50.7,163.88,190.61,36.7,137.0,44.45,74.17,41.405,26.27
2018-02-06,155.49,1443.99,91.475,49.51,163.72,185.77,35.475,132.99,43.1,73.06,40.305,25.64
2018-02-07,155.34,1460.99,91.77,49.85,163.4,185.0817,35.65,133.43,43.12,74.145,41.206,25.73
2018-02-08,153.16,1433.75,89.875,49.12,161.0,181.84,35.17,131.25,42.95,73.89,40.76,25.535
2018-02-09,150.54,1383.5,88.93,48.1504,157.89,176.9,34.43,130.92,41.98,72.97,39.92,25.67
2018-02-12,152.4,1393.81,89.78,48.4868,163.89,177.545,34.87,131.32,42.64,73.23,40.91,25.89
2018-02-13,151.179,1419.72,90.0,48.68,164.75,175.97,35.03,130.6,42.78,73.95,41.31,26.25
2018-02-14,155.0,1452.06,90.99,49.52,167.54,179.81,35.34,130.015,42.67,76.62,42.26,26.355
2018-02-15,156.86,1468.94,92.72,50.685,173.09,180.5,35.73,131.28,43.255,76.21,45.13,27.13
2018-02-16,157.7905,1465.8,93.5,51.14,174.82,179.88,36.66,134.45,43.64,76.81,45.09,27.3
2018-02-20,155.96,1488.77,93.06,50.31,174.26,177.95,36.4927,133.45,43.79,73.84,44.69,26.69
2018-02-21,156.79,1503.49,93.3595,50.34,174.12,181.27,36.59,132.4348,43.7,74.68,44.42,26.4
2018-02-22,155.04,1502.54,92.73,50.055,173.95,180.21,36.15,131.02,43.51,75.96,43.56,26.32
2018-02-23,155.855,1500.0,94.07,50.57,175.65,183.39,36.3,132.08,43.785,76.3,44.04,26.29
2018-02-26,158.88,1522.84,95.45,51.26,179.39,185.66,37.21,133.4055,44.36,76.99,45.45,26.47
2018-02-27,159.78,1526.78,95.84,51.4,180.48,184.7,37.235,133.09,43.95,78.43,45.61,26.7
2018-02-28,158.1399,1528.7,95.705,51.5,180.615,182.88,37.28,132.33,43.42,76.68,45.89,26.09
2018-03-01,156.9742,1518.49,94.57,50.96,179.775,180.12,36.2693,130.12,43.11,75.55,45.0,25.88
2018-03-02,154.76,1501.05,93.15,50.4,176.3,177.11,36.07,129.11,43.06,75.48,44.22,25.63
2018-03-05,157.49,1525.38,94.27,51.49,177.74,181.1475,36.28,130.3,43.545,75.75,44.765,26.16
2018-03-06,157.89,1542.13,94.49,51.79,178.25,182.38,36.24,130.2,43.54,74.64,44.785,26.05
2018-03-07,158.83,1545.9,93.9406,51.81,175.85,183.82,36.08,129.33,44.0244,72.14,44.39,26.01
2018-03-08,159.57,1554.88,95.1,52.16,177.12,184.4,36.5,132.3,44.3,71.58,44.41,26.06
2018-03-09,159.5825,1578.94,96.54,53.0,180.0,185.51,36.92,133.82,43.85,70.82,45.54,26.44
2018-03-12,161.02,1605.33,97.21,53.44,182.39,186.1,37.0,134.23,44.035,70.99,45.87,26.62
2018-03-13,162.1122,1617.54,97.24,53.48,183.5,185.99,36.96,135.39,44.22,72.1,46.16,26.645
2018-03-14,160.68,1606.44,95.41,53.15,180.52,184.25,36.99,135.7,43.14,71.72,45.7587,26.61
2018-03-15,161.25,1596.91,94.58,52.665,180.24,184.0,36.81,134.24,42.83,71.5,45.735,26.41
2018-03-16,161.98,1589.44,95.38,52.69,179.12,185.33,37.04,134.4,42.74,71.43,45.6,26.5
2018-03-19,159.8899,1561.66,93.9,52.58,177.47,177.17,36.8,133.47,42.76,71.32,44.82,25.91
2018-03-20,157.93,1587.0,93.77,47.75,176.8,170.2,36.55,131.78,42.19,71.77,44.64,25.57
2018-03-21,158.2,1590.0,94.05,48.06,175.09,173.4,36.73,132.78,42.13,71.5,44.9,25.6
2018-03-22,155.2499,1573.85,91.75,47.0215,172.68,170.27,36.1433,130.68,41.55,70.48,44.02,25.385
2018-03-23,152.58,1549.02,90.46,46.34,169.92,167.1,35.5,127.87,40.94,70.21,43.84,24.91
2018-03-26,153.657,1556.99,94.0,46.64,173.1,161.1,35.15,127.54,41.06,70.63,44.16,24.64
2018-03-27,154.8697,1575.96,95.139,46.82,175.15,162.85,35.56,129.1,41.17,70.9,44.52,24.815
