Date,Low,High,Volume,Close
1/2/2014,394.02,399.36,2137800,397.97
1/3/2014,396.22,402.71,2210200,396.44
1/6/2014,388.42,397,3170600,393.63
1/7/2014,394.29,398.47,1916000,398.03
1/8/2014,396.04,403,2316500,401.92
1/9/2014,398.44,406.89,2103000,401.01
1/10/2014,393.8,403.764,2679500,397.66
1/13/2014,388.45,399.78,2844900,390.98
1/14/2014,391.29,398.63,2340100,397.54
1/15/2014,392.534,399.31,2678300,395.87
1/16/2014,389.41,399.29,2601200,395.8
1/17/2014,393.66,403.49,4505100,399.61
1/21/2014,401.6,407.8,3122100,407.05
1/22/2014,402,408.06,2060500,404.54
1/23/2014,397.79,406.17,3025400,399.87
1/24/2014,387.27,400.2,4458400,387.6
1/27/2014,380.49,394.1,3936800,386.28
1/28/2014,387.12,394.74,2894500,394.43
1/29/2014,383.24,392.85,3382300,384.2
1/30/2014,387.7,406.25,10473900,403.01
1/31/2014,357.76,375.45,16154800,358.69
2/3/2014,340.1,360.85,10280800,346.15
2/4/2014,344.02,353.9975,4812900,347.95
2/5/2014,337.73,349.37,4435400,346.45
2/6/2014,347.403,354.82,3335700,354.59
2/7/2014,352.49,361.8,4330500,361.08
2/10/2014,359.35,365,3449700,360.87
2/11/2014,356.25,363.61,3222100,361.79
2/12/2014,346.32,357.75,6587700,349.25
2/13/2014,346.5,357.2,4175000,357.2
2/14/2014,353.35,359.34,3520200,357.35
2/18/2014,349.45,355.73,4998000,353.65
2/19/2014,346.1,354.54,4168100,347.38
2/20/2014,344.38,350.46,3492800,349.8
2/21/2014,346.75,354.141,4210000,346.76
2/24/2014,343.29,353,3644700,351.78
2/25/2014,351.58,361.08,3736400,358.32
2/26/2014,357.17,364.75,3622100,359.8
2/27/2014,355.5,360.59,3104900,360.13
2/28/2014,357.084,365.865,3882000,362.1
3/3/2014,354.48,360.96,2798300,359.78
3/4/2014,362.46,365.68,2704400,363.9
3/5/2014,363.9,372.728,3848300,372.37
3/6/2014,368.9,375.33,2926600,372.16
3/7/2014,369.531,374.99,2279800,372.06
3/10/2014,367,372.73,2105800,370.53
3/11/2014,367.28,372.8,2246100,368.82
3/12/2014,363.61,371.16,2216600,370.64
3/13/2014,368.08,383.11,6829000,371.51
3/14/2014,371.55,378.568,4402200,373.74
3/17/2014,374.88,378.85,2303000,375.04
3/18/2014,375,379,2483500,378.77
3/19/2014,369.42,379,2646700,373.23
3/20/2014,366.22,373,2558500,368.97
3/21/2014,358.4,372.84,5414100,360.62
3/24/2014,348.6,361.5,4873500,351.85
3/25/2014,348.84,358.97,4445700,354.71
3/26/2014,343.4,357.6,4120700,343.41
3/27/2014,330.88,343.9999,5766400,338.47
3/28/2014,336.08,347,3986800,338.29
3/31/2014,334.06,346.29,4297500,336.365
4/1/2014,338,344.43,3600100,342.99
4/2/2014,340.38,348.295,4475500,341.96
4/3/2014,328.46,342.5,6399300,333.62
4/4/2014,315.61,335.44,12534600,323
4/7/2014,313.13,324.94,7077400,317.76
4/8/2014,318.44,328,6577600,327.07
4/9/2014,322.5,332.18,5056600,331.805
4/10/2014,316.5,331,6126700,317.11
4/11/2014,309.5,316.5,7287500,311.73
4/14/2014,311.28,320.48,4293500,315.91
4/15/2014,305.5,318.28,5398600,316.08
4/16/2014,314.71,324,4284900,323.68
4/17/2014,319.76,328.66,4299200,324.91
4/21/2014,322.31,331.1499,2999400,330.87
4/22/2014,328.94,337.5,3711600,329.32
4/23/2014,323.39,333.13,3604600,324.58
4/24/2014,322.95,337.4,9293700,337.15
4/25/2014,302.71,316.49,16180200,303.83
4/28/2014,288,304.39,14479800,296.58
4/29/2014,290.45,301.84,6509300,300.38
4/30/2014,298.1,304.56,4088600,304.13
5/1/2014,304,310.48,4328600,307.89
5/2/2014,304.31,313.29,3995100,308.01
5/5/2014,305,310.23,2519900,310.05
5/6/2014,297.04,309.81,4682300,297.38
5/7/2014,286.68,296.4,7015200,292.71
5/8/2014,287.23,295.8784,3848200,288.32
5/9/2014,284.38,293.68,4063000,292.24
5/12/2014,294.16,303.34,3729600,302.86
5/13/2014,300.75,305.6,3509900,304.64
5/14/2014,296.66,304.64,3323300,297.62
5/15/2014,290.38,299.2,4295100,295.19
5/16/2014,291.55,298.88,3636800,297.7
5/19/2014,293.81,299,2284200,296.755
5/20/2014,296.75,304.46,4095700,301.19
5/21/2014,301.5201,305.96,3408800,305.01
5/22/2014,303.01,308.54,2576800,304.91
5/23/2014,304.9,312.35,3052900,312.24
5/27/2014,307.38,314.6296,4862100,310.82
5/28/2014,307.42,313.82,2726000,310.16
5/29/2014,310.2,314.87,2365500,313.78
5/30/2014,307.57,314.65,4260200,312.55
6/2/2014,307,312.6,2203400,308.84
6/3/2014,305.07,307.92,2379200,307.19
6/4/2014,303.84,309.5,2107100,306.78
6/5/2014,306.9,327.94,7796700,323.57
6/6/2014,324.93,330.88,5244000,329.67
6/9/2014,325.65,333,3212200,327.5
6/10/2014,327.5,335.5,3663400,332.41
6/11/2014,333.8772,340.7199,4436800,335.2
6/12/2014,324.66,335.55,4263000,325.91
6/13/2014,323.5262,329.298,2764800,326.27
6/16/2014,323.52,328.6945,2396100,327.62
6/17/2014,325.23,331.34,2904200,325.62
6/18/2014,325,335.75,6401500,334.38
6/19/2014,325.98,338.9,5320600,327
6/20/2014,320.42,328.22,6054000,324.2
6/23/2014,321.41,327.55,2604800,327.24
6/24/2014,322.738,329.73,2626600,324.16
6/25/2014,321.74,328.15,2327800,327.44
6/26/2014,322.13,328.65,2699500,325.69
6/27/2014,323.27,326.52,2416200,324.57
6/30/2014,322.24,326.98,2671300,324.78
7/1/2014,325.1,333.2,3173600,332.39
7/2/2014,331.66,336.76,2681300,332.85
7/3/2014,333.08,338.3,1944300,337.492
7/7/2014,332.52,337.55,2128900,333.55
7/8/2014,321.4,333.7397,4271600,323.81
7/9/2014,323.15,330.2,3166100,329.97
7/10/2014,322.65,329.98,2665000,327.92
7/11/2014,334.71,347,8300800,346.2
7/14/2014,345.356,355.77,5609900,355.32
7/15/2014,349.4,355.59,4170900,354.44
7/16/2014,353,359.32,3503600,355.9
7/17/2014,351.38,356.96,3636000,352.454
7/18/2014,352.08,359.68,3407400,358.66
7/21/2014,356.72,361.71,2278400,359.76
7/22/2014,355.25,362.93,2888900,360.84
7/23/2014,356.62,360.63,2687300,358.14
7/24/2014,358.52,364.85,7000000,358.61
7/25/2014,314.76,324.87,17846500,324.01
7/28/2014,316.5,324.82,5932000,320.41
7/29/2014,319.5,322.8999,2883800,320
7/30/2014,318.5,322.73,3969000,322.51
7/31/2014,311.86,320.6836,5192000,312.99
8/1/2014,304.588,315.83,7441500,307.06
8/4/2014,308.5,316.18,4200900,313.65
8/5/2014,310.06,314.55,2852100,312.32
8/6/2014,310.2,315.78,2296900,313.89
8/7/2014,309.655,315.8774,2935600,311.45
8/8/2014,310.66,317.32,2705900,316.8
8/11/2014,316.88,320.38,2468600,318.33
8/12/2014,316.95,321.31,1915800,319.32
8/13/2014,326.14,331.72,4939100,326.28
8/14/2014,326.71,334.09,3420400,333.21
8/15/2014,328.32,335,3896700,333.63
8/18/2014,333.77,337.8,2485400,334.53
8/19/2014,333.01,335.81,1713800,335.13
8/20/2014,334.022,337.16,1810500,335.78
8/21/2014,332.23,336.582,1971100,332.91
8/22/2014,330.8,334.08,2211200,331.59
8/25/2014,332.71,336.77,1957700,334.02
8/26/2014,334.55,344.36,3638200,341.83
8/27/2014,341.34,346.67,2961600,343.18
8/28/2014,338.8,341.79,2252700,340.02
8/29/2014,337.68,341.8199,1939500,339.04
9/2/2014,337.1587,342.5,2326000,342.38
9/3/2014,337.55,343.27,1993700,339
9/4/2014,343.58,349.38,3952200,345.95
9/5/2014,342.5,346.827,2107000,346.38
9/8/2014,339.04,345.81,2955300,342.34
9/9/2014,329.18,341.76,4634000,329.75
9/10/2014,328.82,334.98,3797400,331.33
9/11/2014,326.39,333.01,2720200,330.52
9/12/2014,328.79,332.89,3429300,331.19
9/15/2014,319,331.33,4000400,323.89
9/16/2014,320.1,329.48,3259900,327.76
9/17/2014,321.52,328,4136000,324
9/18/2014,323.7105,327.1,2576900,325
9/19/2014,325.57,332.7559,6886200,331.32
9/22/2014,321.06,329.49,3109700,324.5
9/23/2014,321.25,327.6,2352600,323.63
9/24/2014,319.56,329.44,2635754,328.21
9/25/2014,321.4,328.54,2925241,321.93
9/26/2014,317.64,323.5,3639155,323.21
9/29/2014,319,323.75,1929589,321.82
9/30/2014,318.51,323.43,2639967,322.44
10/1/2014,315.55,322.165,3096735,317.46
10/2/2014,311.31,318.53,3553944,318.41
10/3/2014,319.53,325.16,3037891,322.74
10/6/2014,319.6,324.13,2294194,322.2
10/7/2014,316.67,322,2365698,316.98
10/8/2014,314.14,324.11,3458960,322.7
10/9/2014,314.52,322.271,3589464,315.37
10/10/2014,311.38,317.77,3684314,311.39
10/13/2014,303.47,313.2,4369850,306.45
10/14/2014,305.75,312.24,3385809,308.31
10/15/2014,299.102,307.9,5348254,305.97
10/16/2014,293.83,306.82,4731866,302.86
10/17/2014,302.72,309.2,4409218,303.64
10/20/2014,302.02,306.53,3239490,306.21
10/21/2014,307.07,315.64,3563351,315.33
10/22/2014,312.64,318.98,3130049,312.97
10/23/2014,311.4,316.8,9038193,313.18
10/24/2014,284,293.81,19805911,287.06
10/27/2014,285.02,290.42,5950594,289.97
10/28/2014,289.76,298,5576646,295.59
10/29/2014,293.0701,299.61,4883259,294.12
10/30/2014,292.36,299.74,4055155,299.07
10/31/2014,301.5,305.72,4551795,305.46
11/3/2014,303.24,308.01,3244150,305.72
11/4/2014,300.17,304.25,3427384,302.81
11/5/2014,294.16,304,4674492,296.52
11/6/2014,292.29,297,3758121,296.64
11/7/2014,296.29,299.99,2647352,299.86
11/10/2014,300,305.799,2809056,305.11
11/11/2014,303.646,312.38,3807333,312.01
11/12/2014,308.79,312.58,2182982,311.51
11/13/2014,311.51,317.89,3686428,316.48
11/14/2014,316.401,332.88,8877785,327.82
11/17/2014,318.03,328,4784933,323.05
11/18/2014,323.25,329.56,3551161,324.93
11/19/2014,324.02,328.4,3281614,326.54
11/20/2014,323.33,332.67,3436721,330.54
11/21/2014,331.47,338.33,4466587,332.63
11/24/2014,333.6,337.39,2754186,335.64
11/25/2014,331.28,336.3325,2564989,335.04
11/26/2014,331.75,334.65,1985949,333.57
11/28/2014,336.03,341.26,3051798,338.64
12/1/2014,325.93,340.64,4944861,326
12/2/2014,323.25,327.93,2790257,326.31
12/3/2014,314.36,326.77,5689904,316.5
12/4/2014,313.47,318.59,3296642,316.93
12/5/2014,310.84,316.93,3265214,312.63
12/8/2014,304.821,316.56,3639180,306.64
12/9/2014,301.14,313.639,4049506,312.5
12/10/2014,304.68,313.19,3245890,305.84
12/11/2014,306.01,312.64,3272919,307.36
12/12/2014,303.01,310.6399,3162322,307.32
12/15/2014,302.15,310.86,3841577,306.07
12/16/2014,295.01,304.49,6501252,295.06
12/17/2014,293.03,299.67,4433505,298.88
12/18/2014,293.25,304.5,7738067,297.73
12/19/2014,295.52,301.54,8709129,299.9
12/22/2014,301.94,307.36,4003827,306.54
12/23/2014,303.252,307.49,2718359,306.285
12/24/2014,302.875,307,1518107,303.03
12/26/2014,303.81,310.7799,2893801,309.09
12/29/2014,306.58,314.27,3009046,312.04
12/30/2014,309.34,313.94,2093023,310.3
12/31/2014,310.01,312.98,2057766,310.35
1/2/2015,306.9601,314.75,2788101,308.52
1/5/2015,300.85,308.38,2774231,302.19
1/6/2015,292.38,303,3519034,295.29
1/7/2015,295.33,301.28,2640349,298.42
1/8/2015,296.11,303.14,3088398,300.46
1/9/2015,296.68,302.87,2570947,296.93
1/12/2015,289.281,298.51,3421392,291.41
1/13/2015,293.23,301.4976,4136442,294.74
1/14/2015,286.503,295.91,5538666,293.27
1/15/2015,286.815,295.9995,4419196,286.95
1/16/2015,285.25,290.79,3478176,290.74
1/20/2015,286.39,293.3599,3075081,289.44
1/21/2015,287.26,306,10065076,297.25
1/22/2015,300,312.25,5362640,310.32
1/23/2015,307.72,316.93,4496419,312.39
1/26/2015,307.5201,313,3169665,309.66
1/27/2015,302.625,310.243,2920315,306.75
1/28/2015,303.8,311.51,3063774,303.91
1/29/2015,299.33,312.8,8656567,311.78
1/30/2015,340.74,359.5,23856060,354.53
2/2/2015,350.01,365,10231914,364.47
2/3/2015,360.21,367.817,6212565,363.55
2/4/2015,358.23,367.5,4169927,364.75
2/5/2015,365.9,378.8,7247605,373.89
2/6/2015,371.01,375.9899,3892382,374.28
2/9/2015,367.2,374.41,2724630,370.56
2/10/2015,368.51,374.3,2287232,372.995
2/11/2015,371.1,377.1,2786523,375.14
2/12/2015,373.15,378.51,2791050,377.17
2/13/2015,377.01,383,3475069,381.83
2/17/2015,372.67,379.985,3673208,375.43
2/18/2015,372.85,376.74,2650610,373.37
2/19/2015,373.43,381.88,2953752,378.995
2/20/2015,375.84,383.7,3258023,383.66
2/23/2015,378,384.54,2176989,380.14
2/24/2015,376.16,380.48,1921850,378.59
2/25/2015,376.54,387.85,3174495,385.37
2/26/2015,383.28,389.37,2687107,384.8
2/27/2015,379.79,385.99,2532309,380.16
3/2/2015,379.481,385.9,2139205,385.655
3/3/2015,381.601,386.1,1946498,384.61
3/4/2015,382.19,387.9,2259141,382.72
3/5/2015,383.89,388.4182,2693518,387.83
3/6/2015,378.88,387,2627042,380.09
3/9/2015,375.28,379.33,2311390,378.56
3/10/2015,369.18,377.77,3120972,369.51
3/11/2015,366.26,373.35,2495097,366.37
3/12/2015,367.52,375.5,2810001,374.24
3/13/2015,366.68,373.99,2611658,370.58
3/16/2015,366.72,373.94,2354059,373.35
3/17/2015,369.64,374.5,2036961,371.92
3/18/2015,366.7,375.99,2654135,375.135
3/19/2015,372.19,377.11,1915671,373.24
3/20/2015,375.92,379.37,3763553,378.49
3/23/2015,374.94,381.77,2239343,375.11
3/24/2015,372.27,375.24,2228214,374.09
3/25/2015,370.285,380.5,3429497,370.96
3/26/2015,365.65,371.4,2929962,367.35
3/27/2015,366.5734,373.17,2609774,370.56
3/30/2015,371.55,376.12,1820933,374.59
3/31/2015,371.51,377.7,2506122,372.1
4/1/2015,368.34,373.16,2458095,370.255
4/2/2015,369,373.28,1875279,372.25
4/6/2015,369.36,380.2,3050709,377.04
4/7/2015,374.03,379.31,1954902,374.41
4/8/2015,374.65,381.58,2636434,381.2
4/9/2015,378.795,384.42,2392328,383.54
4/10/2015,381.3151,387.12,2573519,382.65
4/13/2015,380.14,385.28,1894453,382.36
4/14/2015,381.2101,387.81,2583575,385.11
4/15/2015,381.64,385.78,1933229,383.45
4/16/2015,383.55,387.45,2080418,386.04
4/17/2015,374.4,383.56,3839664,375.56
4/20/2015,377,391.94,5016148,389.51
4/21/2015,386.8,394.6,4643524,391.18
4/22/2015,388,394.28,3474724,389.8
4/23/2015,386.15,391.88,7979985,389.99
4/24/2015,439,452.65,17176904,445.1
4/27/2015,437.41,446.99,5430949,438.56
4/28/2015,428.04,439,4140483,429.31
4/29/2015,426.03,434.24,3621688,429.37
4/30/2015,419.24,431.75,3647877,421.78
5/1/2015,416,425.64,3565824,422.87
5/4/2015,422.42,429.77,2270448,423.04
5/5/2015,421.02,427.51,2856386,421.19
5/6/2015,414.55,422.7165,2552474,419.1
5/7/2015,422.85,428.5,2766132,426.88
5/8/2015,430.174,435.2,2908838,433.69
5/11/2015,431.37,439,2393737,432.85
5/12/2015,426.71,433.25,1947822,431.02
5/13/2015,425.8,433.528,1996328,426.87
5/14/2015,427.01,433,1888477,432.28
5/15/2015,424.3,430.3962,4240306,426
5/18/2015,421.46,427.27,2390229,425.24
5/19/2015,420.63,428.24,2465240,421.71
5/20/2015,418.36,427.1,2196159,423.86
5/21/2015,428,436.9,4121401,431.63
5/22/2015,427.61,432.44,2020629,427.63
5/26/2015,422,427,2244185,425.47
5/27/2015,425.01,431.85,2231088,431.42
5/28/2015,425.47,431.35,1912436,426.57
5/29/2015,427.23,432.5,3016060,429.23
6/1/2015,426.2,433.16,2253264,430.92
6/2/2015,426.25,433.23,1669845,430.99
6/3/2015,432.75,438.39,2727914,436.59
6/4/2015,429.26,436.755,2510761,430.78
6/5/2015,426.5,430.8,1907855,426.95
6/8/2015,421.425,426.8,2172525,423.5
6/9/2015,419.14,427.49,2288663,425.48
6/10/2015,425.66,432.2,2172333,430.77
6/11/2015,431.47,438.89,2922459,432.97
6/12/2015,428.26,432.36,2054385,429.92
6/15/2015,422.64,428.05,2050987,423.67
6/16/2015,422.67,427.97,2297469,427.26
6/17/2015,424.753,431.35,2185869,427.81
6/18/2015,429.405,439.73,3378360,439.39
6/19/2015,433.24,444.99,4495087,434.92
6/22/2015,434.18,439.24,1823572,436.29
6/23/2015,433.69,447.04,3245049,445.99
6/24/2015,440.23,446.47,2620827,440.84
6/25/2015,436.39,443.47,2237458,440.1
6/26/2015,435.06,443.49,2624479,438.1
6/29/2015,429,437,2753193,429.86
6/30/2015,430.46,435.57,2596873,434.09
7/1/2015,435.58,440,1987076,437.39
7/2/2015,433.48,438.2,1343397,437.71
7/6/2015,433.52,439.73,1903161,436.04
7/7/2015,425.57,437.73,3454248,436.72
7/8/2015,428.83,435.99,2383130,429.7
7/9/2015,434.15,438.72,2271395,434.39
7/10/2015,439,444.72,2400981,443.51
7/13/2015,447.54,457.87,3956802,455.57
7/14/2015,458.16,469.6,4736215,465.57
7/15/2015,460.2,464.7,2987399,461.19
7/16/2015,464.8,475.88,4095581,475.48
7/17/2015,477.25,485.42,4932176,483.01
7/20/2015,485.4,493.2,4752491,488.1
7/21/2015,482.55,488.88,3181831,488
7/22/2015,484.9,492.5,3114898,488.27
7/23/2015,475.7,491.66,9374431,482.18
7/24/2015,529.35,580.57,21909381,529.42
7/27/2015,526.6,544.95,7490960,531.41
7/28/2015,523.12,536.39,5273092,526.03
7/29/2015,525.02,532.9655,3752634,529
7/30/2015,524.29,539.2,3743065,536.76
7/31/2015,534.5201,542.84,3025598,536.15
8/3/2015,529.36,540.44,3014236,535.03
8/4/2015,529.163,536.95,2934590,531.9
8/5/2015,534.119,539.14,2866861,537.01
8/6/2015,527.52,542.74,3820453,529.46
8/7/2015,518.21,529.4599,3969215,522.62
8/10/2015,523,532.2764,2615926,524
8/11/2015,522,528.98,2676600,527.46
8/12/2015,513.06,527.5,4014684,525.91
8/13/2015,525.4846,534.66,2895238,529.66
8/14/2015,528.25,534.11,1994799,531.52
8/17/2015,527.12,538.74,2581680,535.22
8/18/2015,533,539.49,2071342,535.02
8/19/2015,529,537.25,2324040,532.92
8/20/2015,515.77,533.25,4407990,515.78
8/21/2015,494.47,512.33,6706466,494.47
8/24/2015,451,489.76,10097601,463.37
8/25/2015,466.25,489.44,5679329,466.37
8/26/2015,478.76,503.72,6358639,500.77
8/27/2015,507.261,522.69,6114506,518.37
8/28/2015,513.04,521.5,2746708,518.01
8/31/2015,509.07,519.41,3002293,512.89
9/1/2015,493.43,510,3864514,496.54
9/2/2015,497.72,510.86,3707116,510.55
9/3/2015,502.57,515.84,3149694,504.72
9/4/2015,495.64,502.85,2692510,499
9/8/2015,508.5144,518.35,3810653,517.54
9/9/2015,515.06,529.95,4370657,516.89
9/10/2015,514.78,526.13,2575982,522.24
9/11/2015,520.605,529.44,3227862,529.44
9/14/2015,518.58,532.45,3130241,521.38
9/15/2015,517.2,527.92,2865933,522.37
9/16/2015,518.52,528.3,2252790,527.39
9/17/2015,526.57,546.97,4169484,538.87
9/18/2015,531.35,546.237,6160075,540.26
9/21/2015,539.59,549.78,3283313,548.39
9/22/2015,532.66,543.55,3841748,538.4
9/23/2015,534,541.21,2237571,536.07
9/24/2015,522.87,534.56,3500964,533.75
9/25/2015,521.4,542.8,4030998,524.25
9/28/2015,494.3337,520.28,5370668,504.06
9/29/2015,490.5,511.48,4457532,496.07
9/30/2015,501.6724,512.8,3902536,511.67
10/1/2015,506,520.8,3768483,520.72
10/2/2015,508.1,532.6,4597795,532.54
10/5/2015,536,545.91,3391359,543.68
10/6/2015,533.33,551.5,4547519,537.48
10/7/2015,529,542,3812087,541.94
10/8/2015,519.89,539.386,4676440,533.16
10/9/2015,530.27,541.79,3537364,539.8
10/12/2015,539.8,550.82,2776103,550.19
10/13/2015,543.1,553.2,2938044,548.9
10/14/2015,539.68,552.25,3582060,544.83
10/15/2015,547,563,4937034,562.44
10/16/2015,560.31,570.94,4315792,570.76
10/19/2015,567.38,579,4375420,573.15
10/20/2015,555.28,573,4346209,560.88
10/21/2015,552.52,565.25,3361655,555.77
10/22/2015,556.67,569.146,7779372,563.91
10/23/2015,595.36,619.45,10692667,599.03
10/26/2015,596.29,609.85,4269715,608.61
10/27/2015,605.53,614.71,3787136,611.01
10/28/2015,609.5,617.23,3926200,617.1
10/29/2015,615.39,627.54,3896026,626.55
10/30/2015,625.28,630.72,3874363,625.9
11/2/2015,620.41,628.63,2816479,628.35
11/3/2015,622,629.89,3246910,625.31
11/4/2015,627.35,645.93,4840501,640.95
11/5/2015,643.0901,657,4723825,655.65
11/6/2015,652,662.26,4092165,659.37
11/9/2015,647.8477,661.955,4048823,655.49
11/10/2015,647.262,660,3489483,659.68
11/11/2015,663.25,675.96,5387309,673.25
11/12/2015,664.22,675.64,4284678,665.6
11/13/2015,640.45,667,6261076,642.35
11/16/2015,622.29,649.99,7435934,647.81
11/17/2015,641,653.25,4316843,643.3
11/18/2015,646.37,664.88,4469769,663.54
11/19/2015,659,672.86,4705237,661.27
11/20/2015,657.57,668.87,3896135,668.45
11/23/2015,668.45,682.77,4385057,678.99
11/24/2015,661.2125,675.8,4543417,671.15
11/25/2015,671.24,679.7,2697889,675.34
11/27/2015,672.1,680.99,1966801,673.26
11/30/2015,664.6,681.29,5693172,664.8
12/1/2015,667.86,681,4751152,679.06
12/2/2015,674.25,684.82,4273526,676.01
12/3/2015,661.48,682.79,5064736,666.25
12/4/2015,661.4,674.775,4534796,672.64
12/7/2015,660.5,675.46,3732814,669.83
12/8/2015,659.79,679.99,3651908,677.33
12/9/2015,655.68,679,5158172,664.79
12/10/2015,659.56,668.526,3455472,662.32
12/11/2015,639.62,657.88,5474420,640.15
12/14/2015,635.27,658.585,4361273,657.91
12/15/2015,657.35,671.5,4753415,658.64
12/16/2015,659.32,677.35,3964470,675.77
12/17/2015,670.65,682.5,3681645,670.65
12/18/2015,664.13,676.84,6841304,664.14
12/21/2015,658.93,669.9,3250900,664.51
12/22/2015,659.26,668.49,2667795,663.15
12/23/2015,656.63,666.597,2722922,663.7
12/24/2015,660.6,664.68,1092970,662.79
12/28/2015,665.5,675.5,3783555,675.2
12/29/2015,677.8893,696.44,5734996,693.97
12/30/2015,686.375,695.49,3519003,689.07
12/31/2015,675.89,687.75,3749560,675.89
1/4/2016,627.51,657.715,9314519,636.99
1/5/2016,627.65,646.91,5822603,633.79
1/6/2016,620.31,639.79,5329197,632.65
1/7/2016,605.21,630,7074915,607.94
1/8/2016,606,624.14,5512915,607.05
1/11/2016,598.57,619.85,4891551,617.74
1/12/2016,612.2415,625.99,4724100,617.89
1/13/2016,579.16,620.88,7655239,581.81
1/14/2016,569.88,602.25,7237978,593
1/15/2016,565.3,584.62,7784523,570.18
1/19/2016,566.45,584,4807165,574.48
1/20/2016,547.18,578.45,7966406,571.77
1/21/2016,568.22,588.81,4952217,575.02
1/22/2016,584.1079,600.1,5120144,596.38
1/25/2016,594.56,608.5,4396079,596.53
1/26/2016,590.38,604.5,3765655,601.25
1/27/2016,578.78,603.39,5152853,583.35
1/28/2016,597.55,638.06,14015171,635.35
1/29/2016,570,593,14677550,587
2/1/2016,570.31,581.8,6355123,574.81
2/2/2016,550.09,571.56,6312045,552.1
2/3/2016,521.9,556,10048709,531.07
2/4/2016,519.2201,538.99,6199070,536.26
2/5/2016,499.19,529.45,9708929,502.13
2/8/2016,475.21,493.5,9825509,488.1
2/9/2016,474,498.38,7077915,482.07
2/10/2016,486,504.66,6786181,490.48
2/11/2016,484,509.3,7397393,503.82
2/12/2016,501.4932,516.75,5384787,507.08
2/16/2016,511.66,524.45,5118500,521.1
2/17/2016,519.39,537.48,4824002,534.1
2/18/2016,523.73,541.2,4735008,525
2/19/2016,515.35,535.95,4974717,534.9
2/22/2016,541.08,560.65,5566553,559.5
2/23/2016,545.33,556.91,4050790,552.94
2/24/2016,533.1501,554.27,6231668,554.04
2/25/2016,545.2946,559.39,4525463,555.15
2/26/2016,553.17,562.5,4877039,555.23
2/29/2016,552.51,564.81,4145396,552.52
3/1/2016,556,579.25,5038452,579.04
3/2/2016,573.7,585,4582170,580.21
3/3/2016,573.11,579.866,2741292,577.49
3/4/2016,571.065,581.4,3416545,575.14
3/7/2016,555.55,573.63,4932527,562.8
3/8/2016,554.74,571.35,4679663,560.26
3/9/2016,550.125,560.35,4377283,559.47
3/10/2016,547.9,567,3919892,558.93
3/11/2016,562.73,570.06,3771310,569.61
3/14/2016,563.05,576.89,3454152,573.37
3/15/2016,567,581.52,3876821,577.02
3/16/2016,571.14,581.32,3537669,574.27
3/17/2016,555.01,571.4,5928105,559.44
3/18/2016,546.09,562.33,7296885,552.08
3/21/2016,538.58,555.24,5155732,553.98
3/22/2016,545.05,562.76,4000564,560.48
3/23/2016,558.1,572.48,3983720,569.63
3/24/2016,567.08,583.55,5185539,582.95
3/28/2016,575.56,584.75,3121522,579.87
3/29/2016,576.5,595.85,4392567,593.86
3/30/2016,595,603.24,3890461,598.69
3/31/2016,592.21,600.75,2681811,593.64
4/1/2016,588.3,599.03,2917386,598.5
4/4/2016,590.55,599.5,2470825,593.19
4/5/2016,585.25,593.47,2308884,586.14
4/6/2016,587.5,602.39,2849909,602.08
4/7/2016,589.08,599.6,3189037,591.43
4/8/2016,589,597.86,2591936,594.6
4/11/2016,594.91,604,2704267,595.93
4/12/2016,592.31,604.06,2641062,603.17
4/13/2016,605.29,616.81,4228349,614.82
4/14/2016,615.07,624.38,3512136,620.75
4/15/2016,618.11,626.77,2887681,625.89
4/18/2016,624.9603,637.64,4360883,635.35
4/19/2016,620.8,638.01,4055870,627.9
4/20/2016,623,636.55,2609425,632.99
4/21/2016,628.5,637.82,2596298,631
4/22/2016,611.56,628.25,5083904,620.5
4/25/2016,616.2511,626.98,2682924,626.2
4/26/2016,614.88,626.7549,2521433,616.88
4/27/2016,601.28,615.95,4068767,606.57
4/28/2016,599.2,626.8,7872605,602
4/29/2016,654,669.98,10310739,659.59
5/2/2016,662.0251,685.5,6578517,683.85
5/3/2016,670.43,680.3,4923351,671.32
5/4/2016,662.14,674,4635462,670.9
5/5/2016,656,676.49,4884114,659.09
5/6/2016,656.01,676.95,4365345,673.95
5/9/2016,671.41,686.98,3982161,679.75
5/10/2016,693.5,704.55,6105570,703.07
5/11/2016,701.65,719,7338196,713.23
5/12/2016,711.51,722.45,5048150,717.93
5/13/2016,706.51,719.25,4763419,709.92
5/16/2016,700.28,713.25,5432920,710.66
5/17/2016,693.91,714.47,5121357,695.27
5/18/2016,688.76,702.5399,4283189,697.45
5/19/2016,689.56,699.4,3025566,698.52
5/20/2016,700,707.24,2916165,702.8
5/23/2016,696.42,706,2595082,696.75
5/24/2016,698,707.5,3033782,704.2
5/25/2016,705.5159,710.86,3276631,708.35
5/26/2016,707.293,715,2446681,714.91
5/27/2016,711.1,716.6,2249164,712.24
5/31/2016,711.32,724.23,3618323,722.79
6/1/2016,718.22,726.43,3263107,719.44
6/2/2016,715.5001,728.28,3026583,728.24
6/3/2016,718.43,727,3367306,725.54
6/6/2016,724.42,731.5,2704806,726.73
6/7/2016,720.55,730,2732463,723.74
6/8/2016,721.6,729.42,2223366,726.64
6/9/2016,722.3,728.91,2170318,727.65
6/10/2016,714.21,724.98,3425718,717.91
6/13/2016,711.16,721.99,3352201,715.24
6/14/2016,712.27,720.805,2506922,719.3
6/15/2016,713.3522,722.56,2709447,714.26
6/16/2016,705.3,718,3097961,717.51
6/17/2016,699.18,718.2,5897788,706.39
6/20/2016,710.81,721.31,3677162,714.01
6/21/2016,712.721,718.4,2137534,715.82
6/22/2016,707.565,717,2260454,710.6
6/23/2016,712.5,722.12,2824974,722.08
6/24/2016,692.2,712.5292,7632511,698.96
6/27/2016,682.115,696.8189,5584037,691.36
6/28/2016,698.1714,708,4036957,707.95
6/29/2016,713.54,719.5,3070052,715.6
6/30/2016,712.54,719.37,2855142,715.62
7/1/2016,716.54,728,2920423,725.68
7/5/2016,719.61,728.11,2431431,728.1
7/6/2016,722.58,737.77,3938249,737.61
7/7/2016,731.63,739.55,2945783,736.57
7/8/2016,738,746.1,3429217,745.81
7/11/2016,747,755.9,3195272,753.78
7/12/2016,740.33,757.34,5623657,748.21
7/13/2016,741.25,756.87,4142265,742.63
7/14/2016,739.02,749.04,2390472,741.2
7/15/2016,734.05,746.55,3121385,735.44
7/18/2016,728.72,741.5954,2954914,736.07
7/19/2016,732.31,743.33,2216820,739.95
7/20/2016,740.7,746.25,2214023,745.72
7/21/2016,742.7918,749.36,2317072,744.43
7/22/2016,743.53,751.28,2277711,744.86
7/25/2016,735.35,748.5,2679290,739.61
7/26/2016,732.7525,743.13,2529692,735.59
7/27/2016,733.86,740.94,2913134,736.67
7/28/2016,739.7,753.36,7617580,752.61
7/29/2016,755,766,6777050,758.81
8/1/2016,757.06,770.5,3578205,767.74
8/2/2016,757.02,765.01,3603280,760.58
8/3/2016,752.25,758.89,3581525,754.64
8/4/2016,750.35,765,3178208,760.77
8/5/2016,763.09,768.47,2704391,765.98
8/8/2016,761.015,767,1986272,766.56
8/9/2016,766.9,772.6,1876091,768.31
8/10/2016,766.19,772.1,1604280,768.56
8/11/2016,769.12,773.75,2019740,771.24
8/12/2016,768.4225,773.15,1563318,772.56
8/15/2016,767.71,772.04,2118521,768.49
8/16/2016,763.82,768.7317,1604561,764.04
8/17/2016,759.199,765.22,1891116,764.63
8/18/2016,760.6,765.17,1458834,764.46
8/19/2016,756.89,762.49,2343237,757.31
8/22/2016,752.1,759.85,1679251,759.48
8/23/2016,761,764.7,1524131,762.45
8/24/2016,755.36,763.41,1744107,757.25
8/25/2016,754.741,760.56,1622992,759.22
8/26/2016,759.795,770,2776830,769
8/29/2016,768.6,774.98,2198560,771.29
8/30/2016,765.56,771.8358,1709158,767.58
8/31/2016,764,769.64,1633789,769.16
9/1/2016,766.75,772.04,1792271,770.62
9/2/2016,771.7,776,2181792,772.44
9/6/2016,770.22,789.48,3719788,788.87
9/7/2016,784.33,790.79,2424622,784.48
9/8/2016,781.44,786.5,2030511,784.06
9/9/2016,760.11,781,4257344,760.14
9/12/2016,756,772.66,3124704,771.49
9/13/2016,759.05,769.89,3117224,761.01
9/14/2016,758.85,767.5,2531822,761.09
9/15/2016,757.58,770.87,3043534,769.69
9/16/2016,771.66,780.46,5499182,778.52
9/19/2016,771,781.94,2297221,775.1
9/20/2016,776,781.37,1937164,780.22
9/21/2016,779.01,790.69,2718644,789.74
9/22/2016,794.27,805.889,4078910,804.7
9/23/2016,802.12,807.75,2353511,805.75
9/26/2016,797.145,805.93,2651397,799.16
9/27/2016,801.11,816.64,3819600,816.11
9/28/2016,817.0337,830.14,4422078,828.72
9/29/2016,824.63,837.5,4922248,829.05
9/30/2016,832.4,839.95,4430566,837.31
10/3/2016,831.25,839.86,2769448,836.74
10/4/2016,830.26,842.365,2950314,834.03
10/5/2016,836.12,845.67,3469055,844.36
10/6/2016,840.6,847.21,2684013,841.66
10/7/2016,837.45,845.95,2426228,839.43
10/10/2016,840.27,845.2,1827143,841.71
10/11/2016,828.35,841.29,3588180,831
10/12/2016,830.1,837.666,2380416,834.09
10/13/2016,821.21,831.8,3091387,829.28
10/14/2016,822.96,835.74,2999814,822.96
10/17/2016,811.68,822,3361492,812.95
10/18/2016,815.02,823.26,2512504,817.65
10/19/2016,815.17,820.67,2090706,817.69
10/20/2016,803.1,815.71,3151954,810.32
10/21/2016,809,819.42,2793015,818.99
10/24/2016,822.21,838.3,4060899,838.09
10/25/2016,833.22,843.09,3248358,835.18
10/26/2016,820,833.44,3998102,822.59
10/27/2016,815.43,831.72,7406385,818.36
10/28/2016,774.61,789.49,10841073,776.32
10/31/2016,780.11,793.7,5413326,789.82
11/1/2016,776.713,800.84,5305428,785.41
11/2/2016,763.55,784.75,5026504,765.56
11/3/2016,764,777,3872496,767.03
11/4/2016,753.2301,766,5122103,755.05
11/7/2016,770.94,787.732,5984354,784.93
11/8/2016,779.1,791.7399,3412629,787.75
11/9/2016,760.09,777.5,8562892,771.88
11/10/2016,717.7,778.83,12746994,742.38
11/11/2016,728.9,743.26,6622784,739.01
11/14/2016,710.1,746,7321344,719.07
11/15/2016,725.99,746.78,6755785,743.24
11/16/2016,735.61,749.87,3648791,746.49
11/17/2016,748,757.5,3690112,756.4
11/18/2016,757.6435,767.74,4373408,760.16
11/21/2016,765.11,780.35,4614574,780
11/22/2016,781,792.4,5311320,785.33
11/23/2016,773.12,781.75,3540263,780.12
11/25/2016,777.9,786.75,1837068,780.37
11/28/2016,764.24,777,4438828,766.77
11/29/2016,761.32,769.89,3272344,762.52
11/30/2016,750.25,768.09,4625946,750.57
12/1/2016,738.03,753.37,4665993,743.65
12/2/2016,736.7,748.4903,3561307,740.34
12/5/2016,742,761.49,4314723,759.36
12/6/2016,757.25,768.24,3794746,764.72
12/7/2016,755.82,770.42,3684906,770.42
12/8/2016,765.19,773.79,3189608,767.33
12/9/2016,765.34,770.25,2470923,768.66
12/12/2016,757.2,766.89,2963945,760.12
12/13/2016,762,782.46,5285288,774.34
12/14/2016,762.81,780.86,5454836,768.82
12/15/2016,760.31,769.1,3801927,761
12/16/2016,754,765.13,4848219,757.77
12/19/2016,756.16,770.5,3113240,766
12/20/2016,767.71,774.39,2703629,771.22
12/21/2016,765.7,771.22,2044629,770.6
12/22/2016,763.02,771.21,2543551,766.34
12/23/2016,757.99,766.5,1981616,760.59
12/27/2016,761.2,774.65,2638725,771.4
12/28/2016,770.5,780,3301025,772.13
12/29/2016,760.85,773.4,3158299,765.15
12/30/2016,748.28,767.3999,4139449,749.87
1/3/2017,747.7,758.7595,3521066,753.67
1/4/2017,754.2,759.68,2510526,757.18
1/5/2017,760.2557,782.3999,5830068,780.45
1/6/2017,778.48,799.44,5986234,795.99
1/9/2017,791.77,801.7742,3446109,796.92
1/10/2017,789.5434,798,2558369,795.9
1/11/2017,789.51,799.5,2992791,799.02
1/12/2017,799.5,814.13,4873922,813.64
1/13/2017,811.4,821.65,3791945,817.14
1/17/2017,803.44,816,3670529,809.72
1/18/2017,804.27,811.73,2354201,807.48
1/19/2017,807.32,813.51,2540784,809.04
1/20/2017,806.26,816.02,3376196,808.33
1/23/2017,805.08,818.5,2797474,817.88
1/24/2017,814.5,823.99,2971740,822.44
1/25/2017,825.288,837.4183,4023078,836.52
1/26/2017,833,843.84,3586323,839.15
1/27/2017,829.44,839.7,2998700,835.77
1/30/2017,816.38,833.5,3747336,830.38
1/31/2017,819.56,826.99,3137196,823.48
2/1/2017,824.94,833.78,3850181,832.35
2/2/2017,828.26,842.49,7350492,839.95
2/3/2017,804,818.3,10868773,810.2
2/6/2017,803,810.72,3897301,807.64
2/7/2017,807.5,816.16,3466091,812.5
2/8/2017,812.5,821.479,2857985,819.71
2/9/2017,819.71,825,2484948,821.36
2/10/2017,822.85,828,2429609,827.46
2/13/2017,828.55,842.9999,4172618,836.53
2/14/2017,831.4522,838.31,2792442,836.39
2/15/2017,832.82,842.81,2968853,842.7
2/16/2017,839.375,845,2714667,844.14
2/17/2017,840.73,847.27,3112275,845.07
2/21/2017,847.25,857.98,3507742,856.44
2/22/2017,852.18,858.43,2616971,855.61
2/23/2017,848,860.86,3461984,852.19
2/24/2017,837.7501,845.81,3687963,845.24
2/27/2017,839.67,852.5,2713627,848.64
2/28/2017,842.05,854.09,2793709,845.04
3/1/2017,849.01,854.83,2760083,853.08
3/2/2017,847.28,854.82,2132098,848.91
3/3/2017,846.27,851.985,1951575,849.88
3/6/2017,841.12,848.49,2610370,846.61
3/7/2017,843.75,848.46,2247554,846.02
3/8/2017,846.79,853.07,2288317,850.5
3/9/2017,850.31,856.3999,2048187,853
3/10/2017,851.72,857.35,2436434,852.46
3/13/2017,851.71,855.69,1909672,854.59
3/14/2017,847.55,853.75,2130586,852.53
3/15/2017,847.11,854.45,2562176,852.97
3/16/2017,850.51,855.5,1842296,853.42
3/17/2017,850.64,853.83,3384403,852.31
3/20/2017,851.01,857.8,2282727,856.97
3/21/2017,841.31,862.795,4382852,843.2
3/22/2017,839.05,849.37,2658669,848.06
3/23/2017,844.8,850.89,1952964,847.38
3/24/2017,843.53,851.8,2138269,845.61
3/27/2017,833.5,850.3,2755775,846.82
3/28/2017,850.1,858.46,3041633,856
3/29/2017,859.02,876.438,4485770,874.32
3/30/2017,871.66,877.06,2762730,876.34
3/31/2017,876.65,890.35,3957612,886.54
4/3/2017,885.42,893.49,3422328,891.51
4/4/2017,890.28,908.5384,4984656,906.83
4/5/2017,905.62,923.72,7508370,909.28
4/6/2017,894.4927,917.1899,6344065,898.28
4/7/2017,889.31,900.09,3707367,894.88
4/10/2017,899,908.51,3184301,907.04
4/11/2017,897.5,911.24,3012743,902.36
4/12/2017,895.2501,904.09,2456140,896.23
4/13/2017,884.49,894.97,3174583,884.67
4/17/2017,887.5,902.38,2854673,901.99
4/18/2017,900.78,909.61,2999238,903.78
4/19/2017,897.369,910.5,2870242,899.2
4/20/2017,896.29,905.32,2814441,902.06
4/21/2017,896.77,903.65,2420494,898.53
4/24/2017,903.82,909.99,3118123,907.41
4/25/2017,903,909.48,3367734,907.62
4/26/2017,907.56,915.749,2562595,909.29
4/27/2017,912.11,921.86,4255693,918.76
4/28/2017,924.3335,949.59,7278819,924.99
5/1/2017,927.8,954.4,5415793,948.43
5/2/2017,941.413,950.1,3800912,946.68
5/3/2017,935.9,946,3544234,941.03
5/4/2017,934.215,945,2380874,937.53
5/5/2017,930.3,940.79,2856585,934.15
5/8/2017,939.21,949.05,3370672,949.04
5/9/2017,950.2,957.89,3230630,952.82
5/10/2017,945,953.7499,2083441,948.95
5/11/2017,940.775,950.29,2135393,947.62
5/12/2017,951.53,962.79,3605620,961.35
5/15/2017,956.055,963.15,4245856,957.97
5/16/2017,960.91,970.06,3050005,966.07
5/17/2017,944.12,960.3957,5073254,944.52
5/18/2017,944.76,962.75,3876816,958.49
5/19/2017,959.72,968.92,3846299,959.84
5/22/2017,962.9,971.38,2613805,970.7
5/23/2017,966.85,975.2,2395510,971.54
5/24/2017,970.23,981,2407995,980.35
5/25/2017,982.11,999,4737390,993.38
5/26/2017,989.2491,998.65,3394090,995.78
5/30/2017,995.52,1001.2,3245760,996.7
5/31/2017,982.16,1000.12,3912535,994.62
6/1/2017,991.37,998.99,2384298,995.95
6/2/2017,995.67,1008.48,3714954,1006.73
6/5/2017,1003.51,1013.21,2676857,1011.34
6/6/2017,1001.25,1016.5,3298378,1002.97
6/7/2017,1002,1010.25,2779551,1010.07
6/8/2017,1006.11,1013.61,2724408,1009.94
6/9/2017,927,1012.99,7548854,978.31
6/12/2017,945,975.95,9393802,964.83
6/13/2017,966.1,984.5,4533933,980.79
6/14/2017,966.71,990.34,3943670,976.47
6/15/2017,950.86,965.73,5202147,964.17
6/16/2017,982,999.75,11314754,987.71
6/19/2017,989.9,1017,4967600,995.17
6/20/2017,992.02,1004.88,4040990,992.59
6/21/2017,992.6518,1002.72,2892563,1002.23
6/22/2017,997.2,1006.96,2221035,1001.3
6/23/2017,998.02,1004.62,2645973,1003.74
6/26/2017,992,1009.8,3347195,993.98
6/27/2017,976,998.8,3735360,976.78
6/28/2017,969.21,990.68,3708638,990.33
6/29/2017,965.25,987.56,4246765,975.93
6/30/2017,967.61,983.47,3309138,968
7/3/2017,951.0001,974.49,2908267,953.66
7/5/2017,955.25,975,3587645,971.4
7/6/2017,959.02,974.4,3229378,965.14
7/7/2017,969.14,980.11,2582645,978.76
7/10/2017,983.5,999.4392,3462884,996.47
7/11/2017,983.72,995.99,2947479,994.13
7/12/2017,998.1,1008.55,3491988,1006.51
7/13/2017,995.9,1006.88,2864533,999.855
7/14/2017,996.89,1004.45,2066362,1001.81
7/17/2017,1003.81,1014.75,3636801,1010.04
7/18/2017,1004,1026.03,3957892,1024.38
7/19/2017,1022.5,1031.59,2936902,1026.87
7/20/2017,1022.52,1034.97,2964341,1028.7
7/21/2017,1011,1026.1,2677517,1025.67
7/24/2017,1027.43,1043.01,3212499,1038.95
7/25/2017,1032.48,1043.33,2432328,1039.87
7/26/2017,1043.2,1053.2,2828980,1052.8
7/27/2017,1040.18,1083.31,9905158,1046
7/28/2017,1001,1032.85,7624498,1020.04
7/31/2017,987.02,1019.05,7246638,987.78
8/1/2017,991.58,1006.4,4421395,996.19
8/2/2017,981.73,1003.21,4017780,995.89
8/3/2017,984.59,999.5,3203134,986.92
8/4/2017,982,991.672,2704026,987.58
8/7/2017,,,,
8/8/2017,985.79,996.28,2847527,989.84
8/9/2017,975.27,988,3434077,982.01
8/10/2017,954.68,979.86,5560388,956.92
8/11/2017,951.38,970.39,3431423,967.99
8/14/2017,976.19,985.5,3008007,983.3
8/15/2017,982,991.74,2513139,982.74
8/16/2017,973.22,986.4605,3096051,978.18
8/17/2017,960.32,977.84,3396045,960.57
8/18/2017,954.65,965.43,3248677,958.47
8/21/2017,945.46,961.2,3008450,953.29
8/22/2017,955.495,967.93,2718261,966.9
8/23/2017,954.2,962,2590245,958
8/24/2017,941.14,959,5086748,952.45
8/25/2017,944.1,957.621,3292776,945.26
8/28/2017,942.25,953,2529087,946.02
8/29/2017,936.33,956,2853972,954.06
8/30/2017,956.9062,969.41,2860718,967.59
8/31/2017,972.76,981,3280945,980.6
9/1/2017,976.875,984.5,2423132,978.25
9/5/2017,960.37,976.7699,2875228,965.27
9/6/2017,960.6,971.84,2106605,967.8
9/7/2017,972.55,980.59,2536000,979.47
9/8/2017,963.47,979.88,2578269,965.9
9/11/2017,974.22,981.94,2134582,977.96
9/12/2017,975.517,984.6718,2444699,982.58
9/13/2017,979.42,1000,3314978,999.6
9/14/2017,987.74,998.56,3788472,992.21
9/15/2017,984.03,996.25,3697742,986.79
9/18/2017,968.17,992.7922,3376772,974.19
9/19/2017,967.46,978.24,2614059,969.86
9/20/2017,962.1626,974.81,2727355,973.21
9/21/2017,962.02,971.7,2252940,964.65
9/22/2017,954.42,965.61,2602418,955.1
9/25/2017,932.89,949.42,5065542,939.79
9/26/2017,931.75,948.63,3464183,938.6
9/27/2017,943.3,955.3,3111263,950.87
9/28/2017,950.101,959.7,2512567,956.4
9/29/2017,958.375,964.83,2411643,961.35
10/2/2017,952.1201,967.305,2415846,959.19
10/3/2017,950.37,963.69,2643484,957.1
10/4/2017,954.05,967.79,2460721,965.45
10/5/2017,969.64,981.51,3119487,980.85
10/6/2017,975.64,995.75,3719840,989.58
10/9/2017,987.5,998.5,2927994,990.99
10/10/2017,980.099,997.95,3062820,987.2
10/11/2017,986.695,995.5,2310872,995
10/12/2017,992.4,1008.44,4056172,1000.93
10/13/2017,1001.03,1007.77,2399403,1002.94
10/16/2017,1001.04,1009.57,1991556,1006.34
10/17/2017,1004.38,1011.47,2307075,1009.13
10/18/2017,996.55,1022.31,2477357,997
10/19/2017,980.24,991.05,3040066,986.61
10/20/2017,982,994.62,2294145,982.91
10/23/2017,962.5,986.775,3465469,966.3
10/24/2017,965,979.85,2666782,975.9
10/25/2017,966.24,984.44,2969295,972.91
10/26/2017,968.55,982.9,3670282,972.43
10/27/2017,1050.55,1105.58,16360527,1100.95
10/30/2017,1093.56,1122.79,6516639,1110.85
10/31/2017,1101.12,1110.54,3428461,1105.28
11/1/2017,1096.74,1108.97,3723680,1103.68
11/2/2017,1086.87,1101.94,3658748,1094.22
11/3/2017,1088.52,1112.68,3685172,1111.6
11/6/2017,1108.77,1125.41,3313857,1120.66
11/7/2017,1117.5,1130.6,2623474,1123.17
11/9/2017,1115.77,1129.62,3661411,1129.13
11/10/2017,1124.06,1131.75,2162985,1125.35
11/13/2017,1122.34,1139.9,2897563,1129.17
11/14/2017,1123.89,1138,3042295,1136.84
11/15/2017,1121.63,1131.75,3897230,1126.69
11/16/2017,1130.05,1138.16,2190456,1137.29
11/17/2017,1125.81,1138.8,2333554,1129.88
11/20/2017,1122.55,1133.42,2134381,1126.31
11/21/2017,1128.2,1140,2449503,1139.49
11/22/2017,1141,1160.27,3516336,1156.16
11/24/2017,1160.7,1186.84,3526582,1186
11/27/2017,1191.15,1213.41,6701343,1195.83
11/28/2017,1188.52,1205.34,4463476,1193.6
11/29/2017,1145.19,1194.8,9179567,1161.27
11/30/2017,1160,1178.57,4406535,1176.75
12/1/2017,1152,1179.65,4070722,1162.35
12/4/2017,1128,1175.2,5872358,1133.95
12/5/2017,1124.74,1159.27,4033184,1141.57
12/6/2017,1136.08,1155.89,2756730,1152.35
12/7/2017,1151,1163.19,2408323,1159.79
12/8/2017,1157.1,1172.79,2957785,1162
12/11/2017,1157,1169.9,2257922,1168.92
12/12/2017,1161.61,1173.6,2197697,1165.08
12/13/2017,1160.27,1170.87,2555053,1164.13
12/14/2017,1162.45,1177.93,3069993,1174.26
12/15/2017,1169.33,1182.75,4539895,1179.14
12/18/2017,1180.91,1194.78,2767271,1190.58
12/19/2017,1179.14,1192.97,2555235,1187.38
12/20/2017,1176,1191,2318916,1177.62
12/21/2017,1167.64,1179.17,2042448,1174.76
12/22/2017,1167.83,1174.62,1553997,1168.36
12/26/2017,1160.55,1178.32,1964871,1176.76
12/27/2017,1175.61,1187.29,1779382,1182.26
12/28/2017,1184.38,1190.1,1803460,1186.1
12/29/2017,1167.5,1184,2625283,1169.47
1/2/2018,1170.51,1190,2587899,1189.01
1/3/2018,1188.3,1205.49,3044664,1204.2
1/4/2018,1204.66,1215.87,3000366,1209.59
1/5/2018,1210,1229.14,3430148,1229.14
1/8/2018,1232.03,1253.08,4177533,1246.87
1/9/2018,1241.76,1259.33,3646681,1252.7
1/10/2018,1237.23,1254.33,2659507,1254.33
1/11/2018,1256.46,1276.77,3075315,1276.68
1/12/2018,1273.39,1305.76,5360681,1305.2
1/16/2018,1292.3,1339.94,7111172,1304.86
1/17/2018,1280.88,1314,5166748,1295
1/18/2018,1284.02,1304.6,3941007,1293.32
1/19/2018,1292.99,1313,4395070,1294.58
1/22/2018,1296.66,1327.45,3970151,1327.31
1/23/2018,1337.34,1364.9,5056764,1362.54
1/24/2018,1338,1388.16,6730084,1357.51
1/25/2018,1357.62,1378.34,4621862,1377.95
1/26/2018,1380.91,1402.53,4584082,1402.05
1/29/2018,1400.44,1431.39,5628992,1417.68
1/30/2018,1392,1439.25,5736512,1437.82
1/31/2018,1450.04,1472.58,6220396,1451.65
2/1/2018,1385.14,1459.88,7812953,1390
2/2/2018,1414,1498,10915962,1431
2/5/2018,1320.72,1458.98,10756332,1396.62
2/6/2018,1351.79,1443.99,10773963,1442.84
2/7/2018,1415.15,1460.99,7066828,1416.78
2/8/2018,1349.94,1433.75,8108560,1350.47
2/9/2018,1265.93,1383.5,13787886,1338.99
2/12/2018,1344.01,1393.81,6682214,1386.23
2/13/2018,1383.53,1419.72,5858860,1414.51
2/14/2018,1403.36,1452.06,5881238,1451.05
2/15/2018,1436.84,1468.94,5598111,1461.76
2/16/2018,1446.56,1465.8,4410879,1448.69
2/20/2018,1446.49,1488.77,6388374,1468.35
2/21/2018,1478.92,1503.49,6216694,1482.92
2/22/2018,1475.76,1502.54,4732555,1484.76
2/23/2018,1486.5,1500,4327008,1500
2/26/2018,1507,1522.84,4909053,1521.95
2/27/2018,1507.21,1526.78,4708378,1511.98
2/28/2018,1512,1528.7,4426580,1512.45
3/1/2018,1465,1518.49,6835230,1493.45
3/2/2018,1455.01,1501.05,6587564,1500.25
3/5/2018,1481,1525.38,5233934,1523.61
3/6/2018,1528,1542.13,4561718,1537.64
3/7/2018,1522.51,1545.9,4174123,1545
3/8/2018,1545.25,1554.88,3512528,1551.86
3/9/2018,1559.08,1578.94,4417059,1578.89
3/12/2018,1586.7,1605.33,5115886,1598.39
3/13/2018,1578.01,1617.54,6427066,1588.18
3/14/2018,1590.89,1606.44,4164395,1591
3/15/2018,1578.11,1596.91,4026744,1582.32
3/16/2018,1567.5,1589.44,5145054,1571.68
3/19/2018,1525.35,1561.66,6376619,1544.93
3/20/2018,1545.41,1587,4507049,1586.51
3/21/2018,1563.17,1590,4667291,1581.86
3/22/2018,1542.4,1573.85,6177737,1544.1
3/23/2018,1495.36,1549.02,7843966,1495.56
3/26/2018,1499.25,1556.99,5547618,1555.86
3/27/2018,1482.32,1575.96,6793279,1497.05
